"Inner_Iter",     "rms[P]"     ,     "rms[U]"     ,     "rms[V]"     ,     "rms[k]"     ,     "rms[w]"     ,    "rms[LM_1]"   ,    "rms[LM_2]"   ,    "RefForce"    ,       "CD"       ,       "CL"       ,       "CSF"      ,       "CMx"      ,       "CMy"      ,       "CMz"      ,       "CFx"      ,       "CFy"      ,       "CFz"      ,      "CEff"      
           0,     -0.1055675457,     -0.1322179449,      -1.287574239,      -6.176836757,      -1.941885482,     -0.3881873754,       4.395479929,               0.5,    0.007160888879,    0.004968270886,                 0,                 0,                 0,     0.00127524581,    0.006796876277,     0.00545568676,                 0,      0.6938064491
           1,     -0.3994631789,      -0.746150905,      -1.420642842,      -6.331299263,      -2.202318757,     -0.3911505432,        4.26267875,               0.5,     0.01247029079,    0.008857689796,                 0,                 0,                 0,    0.002256269551,     0.01182203261,    0.009705996377,                 0,      0.7103033881
           2,     -0.4023244721,     -0.7484107047,      -1.308430392,      -6.330436643,      -2.203061128,     -0.3941252875,       4.125764802,               0.5,     0.01780694337,     0.01279185963,                 0,                 0,                 0,    0.003248577207,     0.01687125158,     0.01400284882,                 0,      0.7183635827
           3,     -0.4047378718,     -0.7549066997,      -1.266877408,      -6.329385097,      -2.203400268,      -0.397035628,       3.990262397,               0.5,     0.02317278759,     0.01676792818,                 0,                 0,                 0,    0.004250049489,     0.02194666837,     0.01834353422,                 0,      0.7236042758
           4,     -0.4066281906,     -0.7600765118,      -1.247907689,      -6.328192761,      -2.203433214,     -0.3998907408,       3.856190944,               0.5,      0.0285734597,      0.0207873753,                 0,                 0,                 0,    0.005261852443,     0.02705380228,     0.02272992199,                 0,      0.7275064175
           5,     -0.4081499787,     -0.7642521491,      -1.229925525,      -6.326935284,      -2.203321176,     -0.4027366751,       3.724018187,               0.5,     0.03401546146,     0.02485119349,                 0,                 0,                 0,    0.006284637683,     0.03219906998,     0.02716345575,                 0,      0.7305852226
           6,      -0.409380591,     -0.7676631877,      -1.206666517,        -6.3256588,      -2.203164871,     -0.4055919917,       3.594046346,               0.5,     0.03950458996,     0.02895981713,                 0,                 0,                 0,    0.007318458741,     0.03738822416,     0.03164497323,                 0,      0.7330747431
           7,     -0.4103335493,     -0.7704271504,      -1.178648543,      -6.324385981,      -2.203014764,     -0.4084572449,       3.464286812,               0.5,     0.04504536849,     0.03311378362,                 0,                 0,                 0,    0.008363269794,      0.0426257396,     0.03617532601,                 0,      0.7351207178
           8,     -0.4111963465,     -0.7727656538,      -1.148160571,      -6.323126097,      -2.202891913,     -0.4113256467,       3.346516056,               0.5,     0.05064071147,     0.03731424267,                 0,                 0,                 0,    0.009419324382,     0.04791444341,     0.04075586433,                 0,      0.7368427809
           9,     -0.4121672416,      -0.774871892,      -1.117015013,      -6.321879964,      -2.202798728,     -0.4141872135,       3.227603107,               0.5,     0.05629189703,     0.04156268313,                 0,                 0,                 0,     0.01048697666,     0.05325550676,     0.04538816256,                 0,      0.7383422005
          10,     -0.4133805844,     -0.7768632138,      -1.086710673,      -6.320643486,      -2.202726463,     -0.4170297828,       3.129194642,               0.5,     0.06199894287,     0.04586055381,                 0,                 0,                 0,     0.01156642528,     0.05864884623,     0.05007366722,                 0,      0.7396989641
          11,     -0.4148028855,     -0.7786926753,      -1.057844325,       -6.31941389,      -2.202668746,      -0.419847065,       3.036208214,               0.5,     0.06776151921,     0.05020993635,                 0,                 0,                 0,      0.0126582704,     0.06409398765,     0.05481443186,                 0,      0.7409800862
          12,     -0.4163026525,      -0.780292307,      -1.030506396,       -6.31818442,      -2.202609014,     -0.4226336683,       2.957274587,               0.5,     0.07358001043,     0.05461353439,                 0,                 0,                 0,     0.01376357258,     0.06959112587,     0.05961318037,                 0,      0.7422333058
          13,     -0.4180603662,     -0.7817917279,      -1.004517603,      -6.316944873,      -2.202522364,      -0.425383286,       2.901289605,               0.5,     0.07945432789,     0.05907218214,                 0,                 0,                 0,     0.01488195445,     0.07514011426,     0.06447073873,                 0,      0.7434734357
          14,     -0.4198928559,     -0.7830521399,     -0.9799261724,      -6.315684526,       -2.20238241,     -0.4280919946,       2.855484074,               0.5,     0.08538519195,     0.06358829027,                 0,                 0,                 0,     0.01601422991,     0.08074150327,     0.06938956199,                 0,      0.7447226951
          15,     -0.4217585186,     -0.7840278574,     -0.9566713799,      -6.314391861,      -2.202160936,     -0.4307550794,        2.83195686,               0.5,     0.09137376829,     0.06816370031,                 0,                 0,                 0,     0.01716080632,     0.08639632729,     0.07437156851,                 0,       0.745987624
          16,     -0.4236198204,     -0.7846709132,     -0.9347171845,      -6.313055524,       -2.20183095,     -0.4333655726,       2.820328281,               0.5,     0.09742153681,     0.07280011443,                 0,                 0,                 0,     0.01832200775,     0.09210594387,     0.07941855955,                 0,      0.7472692057
          17,     -0.4254656045,      -0.784935609,     -0.9144857347,      -6.311670101,      -2.201379528,     -0.4359163254,       2.809165353,               0.5,       0.103529941,     0.07749850638,                 0,                 0,                 0,     0.01949761742,     0.09787172502,     0.08453160715,                 0,      0.7485612921
          18,     -0.4272757546,     -0.7847786164,     -0.8960937099,      -6.310245332,      -2.200830944,     -0.4384028157,       2.797968189,               0.5,      0.1097002041,     0.08225976993,                 0,                 0,                 0,     0.02068735148,      0.1036948288,     0.08971168829,                 0,      0.7498597711
          19,     -0.4292237435,     -0.7844571567,     -0.8786626857,      -6.308793247,      -2.200217612,     -0.4408158485,        2.78776805,               0.5,      0.1159309583,     0.08708488985,                 0,                 0,                 0,     0.02189086178,      0.1095738219,     0.09495968988,                 0,      0.7511789007
          20,     -0.4312227154,     -0.7839024077,     -0.8620729721,      -6.307348532,      -2.199622968,     -0.4431690197,       2.775127425,               0.5,      0.1222218265,     0.09197497237,                 0,                 0,                 0,     0.02310794163,      0.1155082509,      0.1002766892,                 0,      0.7525249375
          21,     -0.4331236169,     -0.7830205079,     -0.8464624955,      -6.305976863,      -2.199203356,     -0.4454824526,       2.770271063,               0.5,      0.1285734418,     0.09693167757,                 0,                 0,                 0,     0.02433886501,      0.1214986317,      0.1056643863,                 0,      0.7539012429
          22,     -0.4348971961,     -0.7818488523,     -0.8308680689,      -6.304768775,      -2.199164203,      -0.447818766,       2.762046626,               0.5,       0.134987691,      0.1019566192,                 0,                 0,                 0,      0.0255839525,      0.1275467339,      0.1111245229,                 0,      0.7553030835
          23,     -0.4365191971,     -0.7803306889,     -0.8146721717,      -6.303773317,      -2.199607898,     -0.4502383629,       2.750682065,               0.5,      0.1414688274,      0.1070513216,                 0,                 0,                 0,     0.02684359395,      0.1336566941,       0.116658916,                 0,      0.7567131472
          24,     -0.4379710532,     -0.7783605371,     -0.7984929286,      -6.302965959,      -2.200470511,     -0.4527605753,        2.74368019,               0.5,      0.1480231667,      0.1122172806,                 0,                 0,                 0,     0.02811827432,      0.1398347084,      0.1222694986,                 0,      0.7581062011
          25,     -0.4392474242,      -0.775846506,      -0.783312991,      -6.302284005,      -2.201606742,     -0.4554672958,       2.739285816,               0.5,       0.154657741,      0.1174560446,                 0,                 0,                 0,     0.02940855777,      0.1460876835,      0.1279583057,                 0,      0.7594579089
          26,      -0.440335395,     -0.7727284638,     -0.7699033991,      -6.301652798,      -2.202841109,     -0.4581955955,       2.730500394,               0.5,      0.1613787443,      0.1227692111,                 0,                 0,                 0,     0.03071501051,       0.152421687,       0.133727363,                 0,      0.7607520534
          27,     -0.4412602111,     -0.7690816899,     -0.7580761269,       -6.30102214,      -2.204062093,     -0.4609008291,       2.726140156,               0.5,      0.1681910662,      0.1281584292,                 0,                 0,                 0,     0.03203817368,      0.1588414816,      0.1395786568,                 0,      0.7619811927
          28,     -0.4420611704,     -0.7649635721,     -0.7476419565,      -6.300328995,      -2.205124065,      -0.463591977,       2.720738306,               0.5,      0.1750991979,      0.1336255585,                 0,                 0,                 0,     0.03337863632,      0.1653514179,      0.1455143553,                 0,      0.7631420363
          29,     -0.4427538155,     -0.7605187308,     -0.7377733741,      -6.299607888,      -2.206120245,     -0.4662180552,       2.712646571,               0.5,      0.1821050857,      0.1391720348,                 0,                 0,                 0,     0.03473664904,       0.171953337,      0.1515360267,                 0,      0.7642402422
          30,     -0.4433702015,     -0.7558240504,     -0.7282645284,      -6.298876872,      -2.207095154,     -0.4687884489,       2.706046113,               0.5,      0.1892102392,      0.1447993797,                 0,                 0,                 0,     0.03611251286,       0.178648639,      0.1576452941,                 0,      0.7652830013
          31,     -0.4439413862,     -0.7509486613,     -0.7189677917,      -6.298150281,       -2.20808046,     -0.4713102379,       2.700295106,               0.5,      0.1964159139,      0.1505091381,                 0,                 0,                 0,     0.03750653331,      0.1854384685,      0.1638437862,                 0,       0.766277717
          32,     -0.4444902495,     -0.7459490563,     -0.7097875892,      -6.297430116,      -2.209076877,     -0.4737868838,       2.699030975,               0.5,      0.2037232404,      0.1563029642,                 0,                 0,                 0,     0.03891909467,      0.1923238378,      0.1701332322,                 0,      0.7672318776
          33,     -0.4450465353,     -0.7408633715,     -0.7006527591,      -6.296714029,      -2.210071162,     -0.4762221592,       2.699956244,               0.5,      0.2111331973,      0.1621824678,                 0,                 0,                 0,      0.0403505379,       0.199305611,      0.1765153061,                 0,      0.7681523792
          34,     -0.4456503958,      -0.735707039,     -0.6915264851,      -6.295977462,        -2.2109777,     -0.4786360922,        2.70822107,               0.5,      0.2186465804,      0.1681493384,                 0,                 0,                 0,     0.04180123853,      0.2063844641,      0.1829917488,                 0,      0.7690462759
          35,     -0.4463602529,     -0.7305411739,     -0.6823970483,      -6.295206306,      -2.211764881,     -0.4810256893,       2.710417204,               0.5,      0.2262635323,      0.1742053412,                 0,                 0,                 0,     0.04327159329,      0.2135604161,      0.1895643311,                 0,      0.7699223086
          36,     -0.4471733429,     -0.7253855749,     -0.6734993096,      -6.294416453,      -2.212493196,     -0.4833676261,       2.707802678,               0.5,      0.2339838094,      0.1803516641,                 0,                 0,                 0,     0.04476156691,      0.2208331413,      0.1962342211,                 0,      0.7707869383
          37,     -0.4480588932,     -0.7202369929,     -0.6649814448,      -6.293732694,      -2.213452421,     -0.4857137699,       2.700534956,               0.5,      0.2418077329,      0.1865892724,                 0,                 0,                 0,     0.04627098532,      0.2282028925,      0.2030024043,                 0,      0.7716431158
          38,     -0.4489834338,     -0.7150222591,     -0.6568697894,      -6.293102692,       -2.21452122,     -0.4880411185,       2.699209905,               0.5,      0.2497360378,      0.1929192113,                 0,                 0,                 0,     0.04779973437,      0.2356703302,      0.2098699743,                 0,      0.7724924805
          39,     -0.4499253137,     -0.7097226826,      -0.649160302,      -6.292516825,      -2.215677325,     -0.4903448006,       2.688498316,               0.5,      0.2577696751,      0.1993425883,                 0,                 0,                 0,     0.04934777377,      0.2432363259,      0.2168381025,                 0,      0.7733360732
          40,     -0.4508713963,     -0.7043141535,     -0.6418330481,      -6.291972598,      -2.216915187,     -0.4926228194,       2.678824984,               0.5,      0.2659097014,      0.2058603957,                 0,                 0,                 0,     0.05091499829,      0.2509018643,      0.2239078523,                 0,      0.7741740698
          41,      -0.451816086,     -0.6988116388,       -0.63482876,      -6.291459458,      -2.218209419,     -0.4948736603,       2.669399946,               0.5,      0.2741573121,       0.212473783,                 0,                 0,                 0,     0.05250138474,      0.2586680577,      0.2310804539,                 0,      0.7750068067
          42,     -0.4527560655,     -0.6932060502,      -0.628072579,      -6.290957366,      -2.219510615,     -0.4970985074,       2.664710539,               0.5,      0.2825138545,      0.2191838785,                 0,                 0,                 0,     0.05410690264,      0.2665361714,      0.2383571269,                 0,      0.7758340874
          43,     -0.4536891678,     -0.6875219645,     -0.6215545168,      -6.290464428,      -2.220816975,     -0.4992861295,        2.65072564,               0.5,      0.2909804309,      0.2259916403,                 0,                 0,                 0,     0.05573145658,      0.2745072382,      0.2457389038,                 0,      0.7766558033
          44,     -0.4546136816,     -0.6817673246,     -0.6152769628,      -6.289976457,      -2.222119374,      -0.501437465,       2.641908881,               0.5,      0.2995581583,      0.2328980298,                 0,                 0,                 0,     0.05737491497,      0.2825823053,      0.2532268217,                 0,       0.777471831
          45,     -0.4555309376,     -0.6759468734,     -0.6092213417,      -6.289492164,      -2.223415778,     -0.5035556791,       2.624295072,               0.5,      0.3082482637,      0.2399042428,                 0,                 0,                 0,     0.05903738231,      0.2907625134,       0.260822159,                 0,       0.778282544
          46,     -0.4564359824,     -0.6700714957,     -0.6033643966,      -6.289010685,      -2.224704113,     -0.5056352721,        2.61319042,               0.5,      0.3170521006,      0.2470113666,                 0,                 0,                 0,     0.06071893894,      0.2990491367,      0.2685260948,                 0,      0.7790876203
          47,     -0.4573253738,     -0.6641433245,     -0.5977222599,      -6.288532928,      -2.225986448,     -0.5076803737,       2.604973888,               0.5,      0.3259710872,      0.2542202973,                 0,                 0,                 0,     0.06241945643,      0.3074435276,      0.2763396219,                 0,      0.7798860306
          48,     -0.4581976728,     -0.6581726096,     -0.5922773302,      -6.288061259,      -2.227268353,     -0.5096958056,       2.590946879,               0.5,      0.3350067253,      0.2615318683,                 0,                 0,                 0,     0.06413883068,      0.3159471259,      0.2842636765,                 0,      0.7806764717
          49,     -0.4590515429,     -0.6521584536,     -0.5870306967,      -6.287599178,      -2.228558478,     -0.5116793126,         2.5821944,               0.5,      0.3441605594,      0.2689469164,                 0,                 0,                 0,     0.06587696636,      0.3245614142,      0.2922992011,                 0,       0.781457692
          50,      -0.459885606,     -0.6461140719,     -0.5819772627,      -6.287158034,       -2.22988397,     -0.5136436326,       2.573472531,               0.5,      0.3534341482,      0.2764662607,                 0,                 0,                 0,     0.06763378418,      0.3332878901,      0.3004471214,                 0,      0.7822284917
          51,     -0.4607010005,     -0.6400336272,     -0.5771056825,      -6.286729985,      -2.231226442,     -0.5155829652,       2.565956858,               0.5,      0.3628290602,       0.284090773,                 0,                 0,                 0,     0.06940927343,      0.3421280575,      0.3087084167,                 0,      0.7829879249
          52,     -0.4615000171,     -0.6339206347,     -0.5724222343,      -6.286315198,      -2.232586595,     -0.5174887473,       2.558601598,               0.5,      0.3723468094,      0.2918212781,                 0,                 0,                 0,     0.07120330849,      0.3510833691,      0.3170840152,                 0,      0.7837351381
          53,     -0.4622833165,     -0.6277894331,     -0.5679165987,      -6.285920506,      -2.233981286,     -0.5193721996,       2.551597883,               0.5,      0.3819888585,      0.2996584394,                 0,                 0,                 0,     0.07301571423,       0.360155238,       0.325574681,                 0,      0.7844690565
          54,     -0.4630518742,     -0.6216458475,     -0.5635829672,      -6.285546567,      -2.235412414,     -0.5212312672,       2.541557471,               0.5,      0.3917566201,      0.3076028781,                 0,                 0,                 0,     0.07484629678,      0.3693450298,       0.334181132,                 0,      0.7851887176
          55,     -0.4638064336,     -0.6154927673,     -0.5594219845,       -6.28519338,      -2.236880241,     -0.5230606664,       2.525001328,               0.5,      0.4016514584,      0.3156552309,                 0,                 0,                 0,     0.07669487904,      0.3786540611,      0.3429040987,                 0,      0.7858934017
          56,     -0.4645481465,     -0.6093343366,     -0.5554264359,      -6.284860586,      -2.238384171,     -0.5248613202,       2.525037377,               0.5,      0.4116746845,      0.3238161317,                 0,                 0,                 0,     0.07856129482,      0.3880835955,      0.3517443047,                 0,      0.7865825708
          57,     -0.4652783467,     -0.6031756372,     -0.5515938712,      -6.284547592,      -2.239922962,     -0.5266314369,       2.513726552,               0.5,      0.4218275511,      0.3320861816,                 0,                 0,                 0,      0.0804453613,      0.3976348407,      0.3607024373,                 0,       0.787255789
          58,     -0.4659979186,     -0.5970186251,     -0.5479226848,      -6.284253603,      -2.241494947,     -0.5283739113,       2.505149437,               0.5,      0.4321112579,      0.3404659779,                 0,                 0,                 0,     0.08234690687,      0.4073089519,      0.3697791759,                 0,      0.7879127693
          59,     -0.4666949597,     -0.5908576734,      -0.544408585,      -6.283981668,       -2.24310817,     -0.5300899487,       2.499380838,               0.5,      0.4425271747,      0.3489554315,                 0,                 0,                 0,     0.08426567378,      0.4171073018,      0.3789745273,                 0,      0.7885514188
          60,     -0.4673792185,     -0.5847015681,     -0.5410537152,       -6.28373354,      -2.244766984,     -0.5317807451,       2.493599984,               0.5,      0.4530764827,      0.3575547618,                 0,                 0,                 0,      0.0862014236,      0.4270310533,      0.3882887926,                 0,      0.7891708695
          61,     -0.4680613832,     -0.5785625569,     -0.5378440748,      -6.283508565,      -2.246469601,     -0.5334348598,       2.479358467,               0.5,       0.463760154,      0.3662644785,                 0,                 0,                 0,     0.08815398213,      0.4370811406,       0.397722548,                 0,      0.7897713403
          62,     -0.4687435618,     -0.5724449037,     -0.5347829767,      -6.283307549,      -2.248218713,     -0.5350586955,       2.473282967,               0.5,      0.4745790848,      0.3750850459,                 0,                 0,                 0,      0.0901231427,      0.4472584254,      0.4072763194,                 0,      0.7903530896
          63,     -0.4694262684,     -0.5663509198,      -0.531872194,      -6.283129632,      -2.250012573,       -0.53665643,       2.465512841,               0.5,      0.4855341277,      0.3840168933,                 0,                 0,                 0,     0.09210868672,      0.4575637282,      0.4169505944,                 0,      0.7909163772
          64,     -0.4701098609,     -0.5602824004,     -0.5291087862,      -6.282973553,      -2.251848263,     -0.5382283165,        2.45323171,               0.5,      0.4966260949,      0.3930603956,                 0,                 0,                 0,     0.09411038093,      0.4679978331,      0.4267458036,                 0,      0.7914614226
          65,     -0.4707945083,     -0.5542373889,     -0.5264901835,      -6.282837736,      -2.253722111,     -0.5397631063,       2.438150684,               0.5,      0.5078557587,      0.4022159038,                 0,                 0,                 0,     0.09612797773,      0.4785614861,      0.4366623511,                 0,      0.7919884669
          66,     -0.4714808616,     -0.5482193722,     -0.5240145054,      -6.282720802,      -2.255630641,     -0.5412610329,       2.426896574,               0.5,        0.51922385,      0.4114836956,                 0,                 0,                 0,     0.09816119683,      0.4892553969,      0.4467005651,                 0,      0.7924976782
          67,     -0.4721690152,      -0.542229363,     -0.5216815259,       -6.28262132,      -2.257570431,     -0.5427316405,       2.422807774,               0.5,       0.530731069,      0.4208640812,                 0,                 0,                 0,      0.1002097938,      0.5000802423,      0.4568608035,                 0,      0.7929893421
          68,     -0.4728590535,     -0.5362677064,     -0.5194910316,      -6.282538099,      -2.259538602,      -0.544173984,       2.423998883,               0.5,      0.5423780715,       0.430357309,                 0,                 0,                 0,       0.102273501,      0.5110366592,        0.46714336,                 0,      0.7934636955
          69,     -0.4735487051,     -0.5303351934,     -0.5174412752,      -6.282470114,      -2.261532613,     -0.5455809084,       2.428483469,               0.5,      0.5541654693,      0.4399635278,                 0,                 0,                 0,       0.104352003,      0.5221252476,      0.4775484258,                 0,      0.7939208633
          70,      -0.474241208,     -0.5244339005,     -0.5155303496,      -6.282416708,      -2.263550836,     -0.5469478572,       2.422628866,               0.5,      0.5660938448,      0.4496829009,                 0,                 0,                 0,      0.1064450145,       0.533346577,      0.4880762044,                 0,      0.7943610498
          71,     -0.4749372195,     -0.5185654129,     -0.5137548624,      -6.282376787,      -2.265590456,     -0.5482862088,       2.423524322,               0.5,      0.5781637419,      0.4595155662,                 0,                 0,                 0,      0.1085522522,      0.5447011804,      0.4987268712,                 0,      0.7947844752
          72,     -0.4756375802,     -0.5127259509,     -0.5121086099,      -6.282349493,      -2.267649179,     -0.5495971747,       2.433710716,               0.5,      0.5903756557,      0.4694616543,                 0,                 0,                 0,      0.1106734209,      0.5561895426,      0.5095005912,                 0,      0.7951914172
          73,     -0.4763426898,     -0.5069198813,     -0.5105957587,      -6.282335743,      -2.269729622,     -0.5508705582,       2.439861497,               0.5,      0.6027300274,      0.4795212132,                 0,                 0,                 0,      0.1128082209,      0.5678121004,      0.5203974428,                 0,      0.7955820871
          74,     -0.4770535686,     -0.5011478896,     -0.5092181483,      -6.282335544,      -2.271831944,     -0.5521090113,       2.445002119,               0.5,      0.6152272466,      0.4896943148,                 0,                 0,                 0,      0.1149563386,      0.5795692373,      0.5314175252,                 0,       0.795956807
          75,     -0.4777706921,     -0.4954104661,     -0.5079749298,      -6.282348914,      -2.273956307,     -0.5533189245,       2.450634255,               0.5,      0.6278676653,      0.4999809842,                 0,                 0,                 0,      0.1171174582,      0.5914613028,      0.5425608878,                 0,       0.796315867
          76,     -0.4784942733,     -0.4897090356,     -0.5068679042,      -6.282375792,      -2.276102644,     -0.5544980256,       2.457463514,               0.5,      0.6406515932,      0.5103812099,                 0,                 0,                 0,      0.1192912661,      0.6034886067,      0.5538275407,                 0,      0.7966595499
          77,      -0.479224767,     -0.4840439802,     -0.5058965638,       -6.28241616,      -2.278270975,     -0.5556424262,        2.47666275,               0.5,      0.6535792898,      0.5208949384,                 0,                 0,                 0,      0.1214774427,      0.6156514115,      0.5652174488,                 0,      0.7969881337
          78,     -0.4799626396,     -0.4784150938,     -0.5050583944,      -6.282469954,      -2.280461202,     -0.5567499072,       2.482233127,               0.5,      0.6666509601,      0.5315220889,                 0,                 0,                 0,       0.123675661,      0.6279499274,      0.5767305457,                 0,      0.7973019177
          79,     -0.4807084531,     -0.4728232685,     -0.5043520109,      -6.282537118,      -2.282673138,     -0.5578310526,       2.489314507,               0.5,      0.6798667522,      0.5422625117,                 0,                 0,                 0,      0.1258855727,      0.6403843125,      0.5883666923,                 0,      0.7976011622
          80,     -0.4814626057,     -0.4672683677,     -0.5037776949,      -6.282617478,      -2.284906348,      -0.558878977,       2.500826674,               0.5,      0.6932267605,      0.5531160257,                 0,                 0,                 0,      0.1281068264,      0.6529546737,      0.6001257148,                 0,      0.7978861423
          81,     -0.4822254558,     -0.4617510158,     -0.5033363919,      -6.282710805,      -2.287160219,     -0.5598980685,       2.510188629,               0.5,      0.7067310294,      0.5640824228,                 0,                 0,                 0,        0.13033908,      0.6656610697,      0.6120074084,                 0,       0.798157148
          82,     -0.4829973389,     -0.4562737556,     -0.5030307648,      -6.282816942,      -2.289434213,     -0.5608808896,       2.523894559,               0.5,      0.7203795485,      0.5751614464,                 0,                 0,                 0,      0.1325819941,      0.6785035081,      0.6240115165,                 0,      0.7984144575
          83,     -0.4837786919,     -0.4508331576,     -0.5028567135,      -6.282935638,       -2.29172765,     -0.5618331092,       2.536304285,               0.5,      0.7341722435,        0.58635283,                 0,                 0,                 0,      0.1348352115,      0.6914819334,      0.6361377683,                 0,       0.798658401
          84,     -0.4845700042,     -0.4454301609,     -0.5028161748,      -6.283066676,      -2.294039794,      -0.562752831,       2.551706534,               0.5,      0.7481089876,      0.5976562663,                 0,                 0,                 0,      0.1370983709,      0.7045962405,       0.648385848,                 0,      0.7988893011
          85,     -0.4853717417,     -0.4400653849,     -0.5029093434,      -6.283209862,      -2.296369904,     -0.5636438996,       2.569463188,               0.5,      0.7621895899,       0.609071387,                 0,                 0,                 0,      0.1393711028,      0.7178462646,      0.6607553751,                 0,      0.7991074597
          86,     -0.4861842211,     -0.4347382734,     -0.5031317654,      -6.283363536,      -2.298712698,       -0.56450316,       2.588444533,               0.5,      0.7764138043,      0.6205977677,                 0,                 0,                 0,      0.1416530359,      0.7312317899,      0.6732459091,                 0,      0.7993131552
          87,     -0.4870078536,     -0.4294486028,     -0.5034852127,      -6.283509057,       -2.30101444,     -0.5653309115,       2.616196007,               0.5,      0.7907813047,      0.6322349646,                 0,                 0,                 0,      0.1439438014,       0.744752522,      0.6858569846,                 0,      0.7995067168
          88,     -0.4878437778,     -0.4241957201,     -0.5039703351,      -6.283627427,      -2.303219087,     -0.5661299165,       2.646936395,               0.5,      0.8052916687,      0.6439825309,                 0,                 0,                 0,      0.1462430302,      0.7584080707,      0.6985881261,                 0,       0.799688555
          89,     -0.4886942207,      -0.418982947,     -0.5045939856,      -6.283759118,      -2.305442868,     -0.5668967412,       2.648390131,               0.5,      0.8199444119,      0.6558399717,                 0,                 0,                 0,      0.1485503556,      0.7721979874,      0.7114388064,                 0,      0.7998590663
          90,     -0.4895599186,     -0.4138108085,     -0.5053574744,      -6.283904628,      -2.307687213,     -0.5676313025,        2.65442258,               0.5,      0.8347389863,      0.6678067494,                 0,                 0,                 0,      0.1508654039,      0.7861217628,       0.724408451,                 0,       0.800018641
          91,     -0.4904408703,      -0.408679216,     -0.5062606691,      -6.284063935,      -2.309951957,     -0.5683372352,       2.660270508,               0.5,       0.849674786,       0.679882261,                 0,                 0,                 0,      0.1531877853,      0.8001788346,      0.7374964159,                 0,      0.8001676314
          92,     -0.4913366886,     -0.4035878569,     -0.5073036222,      -6.284236664,       -2.31223569,     -0.5690102398,       2.662170184,               0.5,      0.8647511539,      0.6920658837,                 0,                 0,                 0,      0.1555171064,      0.8143685907,      0.7507020341,                 0,       0.800306401
          93,     -0.4922475677,     -0.3985354298,      -0.508485094,      -6.284422272,      -2.314536459,      -0.569658116,       2.662730793,               0.5,      0.8799673577,      0.7043568886,                 0,                 0,                 0,      0.1578529404,      0.8286903515,      0.7640245274,                 0,      0.8004352462
          94,     -0.4931731171,     -0.3935226116,      -0.509808698,      -6.284619986,      -2.316851667,     -0.5702713476,       2.660257069,               0.5,      0.8953226058,      0.7167545483,                 0,                 0,                 0,      0.1601948909,       0.843143378,      0.7774631149,                 0,      0.8005545081
          95,     -0.4941134506,     -0.3885492246,     -0.5112756129,       -6.28482914,      -2.319178821,      -0.570858056,       2.653238184,               0.5,      0.9108160508,        0.72925809,                 0,                 0,                 0,      0.1625425566,      0.8577268788,      0.7910169667,                 0,      0.8006645133
          96,     -0.4950686949,     -0.3836153344,     -0.5128877542,      -6.285049104,      -2.321515456,       -0.57141068,       2.641777474,               0.5,       0.926446786,      0.7418667175,                 0,                 0,                 0,      0.1648955411,       0.872440005,      0.8046852252,                 0,      0.8007656012
          97,     -0.4960392546,     -0.3787209541,     -0.5146480721,      -6.285279381,       -2.32385934,     -0.5719382007,       2.626500765,               0.5,      0.9422138292,      0.7545795589,                 0,                 0,                 0,       0.167253431,      0.8872818375,       0.818466952,                 0,      0.8008580807
          98,     -0.4970253668,     -0.3738657005,     -0.5165575183,      -6.285515878,      -2.326196316,     -0.5724313292,       2.608843152,               0.5,      0.9581161238,      0.7673956903,                 0,                 0,                 0,      0.1696158052,      0.9022513869,      0.8323611518,                 0,      0.8009422566
          99,     -0.4980275266,     -0.3690489281,     -0.5186158473,      -6.285753476,      -2.328508123,     -0.5728968927,       2.588156016,               0.5,      0.9741525353,      0.7803141666,                 0,                 0,                 0,      0.1719822471,      0.9173475872,      0.8463668029,                 0,       0.801018463
