"Inner_Iter",     "rms[P]"     ,     "rms[U]"     ,     "rms[V]"     ,     "rms[k]"     ,     "rms[w]"     ,    "RefForce"    ,       "CD"       ,       "CL"       ,       "CSF"      ,       "CMx"      ,       "CMy"      ,       "CMz"      ,       "CFx"      ,       "CFy"      ,       "CFz"      ,      "CEff"      
           0,      -3.680320546,      -15.77581277,      -16.91828696,      -2.994584206,    -0.03877624212,               0.5,      0.2156896523,     0.01240672386,                 0,                 0,                 0,     0.00602057013,       0.214298794,     0.02742225048,                 0,     0.05752118253
           1,      -3.828161338,      -3.620976715,      -3.712783918,      -3.009171237,       1.372187093,               0.5,      0.2846094483,     0.09014821763,                 0,                 0,                 0,     0.04825979255,      0.2776277326,      0.1097819716,                 0,      0.3167435873
           2,      -3.853756923,      -3.639303855,      -3.697822348,      -3.023506802,       1.327850934,               0.5,      0.3381439332,      0.1538312497,                 0,                 0,                 0,     0.08277242429,      0.3265895067,      0.1770442517,                 0,      0.4549283149
           3,      -3.912936419,      -3.714943063,      -3.758471356,      -3.037595215,       1.288279558,               0.5,      0.3822184958,      0.2091170251,                 0,                 0,                 0,      0.1123503371,      0.3667001653,      0.2352698397,                 0,        0.54711383
           4,      -3.958338225,      -3.773617798,      -3.792306272,      -3.051437184,       1.253616766,               0.5,      0.4187039075,      0.2565899531,                 0,                 0,                 0,      0.1375536538,      0.3997851566,      0.2851722195,                 0,      0.6128195807
           5,      -3.993933831,      -3.819878959,      -3.811829004,      -3.065025395,       1.223769182,               0.5,      0.4490188324,      0.2970418801,                 0,                 0,                 0,      0.1589396994,      0.4272044522,      0.3276402699,                 0,      0.6615354607
           6,      -4.022480422,        -3.8572953,       -3.82430037,      -3.078363819,       1.198761404,               0.5,      0.4742858035,      0.3313454623,                 0,                 0,                 0,      0.1770424426,      0.4500169774,      0.3636228249,                 0,      0.6986198192
           7,      -4.045793273,      -3.888275653,      -3.833379363,      -3.091449055,       1.178958342,               0.5,      0.4953965768,      0.3603515622,                 0,                 0,                 0,      0.1923470583,      0.4690529628,      0.3940308805,                 0,      0.7274001862
           8,      -4.065173125,      -3.914494677,      -3.840899797,       -3.10427461,        1.16542781,               0.5,       0.513058855,      0.3848343367,                 0,                 0,                 0,      0.2052777436,      0.4849643846,      0.4196860744,                 0,      0.7500783448
           9,      -4.081492637,      -3.937004935,      -3.847570332,       -3.11683542,       1.156880387,               0.5,      0.5278450107,      0.4054817489,                 0,                 0,                 0,      0.2162023583,      0.4982742314,      0.4413146205,                 0,      0.7681833507
          10,      -4.095389967,      -3.956527236,      -3.853691719,      -3.129129931,       1.138239649,               0.5,       0.540222769,      0.4228928199,                 0,                 0,                 0,      0.2254364494,      0.5094073033,      0.4595467077,                 0,      0.7828119141
          11,      -4.107391756,      -3.973660565,      -3.859484558,      -3.141156602,       1.119120374,               0.5,      0.5505780653,      0.4375821953,                 0,                 0,                 0,      0.2332486903,      0.5187126956,      0.4749226495,                 0,      0.7947686675
          12,       -4.11785447,      -3.988782246,      -3.864959127,      -3.152913072,       1.100671858,               0.5,       0.559231481,      0.4499881012,                 0,                 0,                 0,      0.2398666877,      0.5264796399,       0.487901967,                 0,      0.8046544525
          13,      -4.127082381,      -4.002215994,      -3.870163171,      -3.164398483,       1.082650126,               0.5,      0.5664507423,      0.4604814443,                 0,                 0,                 0,      0.2454825877,      0.5329493368,       0.498873339,                 0,      0.8129240726
          14,      -4.135317036,      -4.014224106,      -3.875114099,      -3.175613802,       1.064826298,               0.5,      0.5724604135,       0.469374832,                 0,                 0,                 0,      0.2502582113,      0.5383239975,      0.5081642763,                 0,      0.8199253973
          15,      -4.142727285,      -4.025037388,      -3.879794943,      -3.186560322,       1.046941259,               0.5,        0.57744984,      0.4769308866,                 0,                 0,                 0,      0.2543295714,      0.5427741862,      0.5160499695,                 0,      0.8259260867
          16,      -4.149473426,      -4.034845791,      -3.884236202,      -3.197238818,       1.028843137,               0.5,      0.5815788968,      0.4833698447,                 0,                 0,                 0,      0.2578108861,      0.5464440258,      0.5227612711,                 0,       0.831133742
          17,      -4.155657657,      -4.043792407,      -3.888427759,      -3.207651014,       1.010354273,               0.5,      0.5849832449,       0.488876254,                 0,                 0,                 0,       0.260798056,      0.5494559735,      0.5284917424,                 0,        0.83570984
          18,      -4.161376217,      -4.051971485,      -3.892389901,      -3.217799675,      0.9914981528,               0.5,      0.5877769429,      0.4936044351,                 0,                 0,                 0,      0.2633715189,       0.551913045,      0.5334032844,                 0,      0.8397818952
          19,      -4.166695715,      -4.059422162,      -3.896124225,      -3.227688315,      0.9723573391,               0.5,      0.5900556578,      0.4976833742,                 0,                 0,                 0,      0.2655986858,      0.5539016767,      0.5376312424,                 0,      0.8434515754
          20,      -4.171673486,      -4.066249665,      -3.899646598,      -3.237321646,      0.9528810948,               0.5,      0.5919003694,      0.5012208372,                 0,                 0,                 0,      0.2675360465,      0.5554951337,      0.5412887689,                 0,      0.8467993316
          21,      -4.176352284,      -4.072530449,      -3.902960594,      -3.246705106,      0.9330372012,               0.5,      0.5933796122,      0.5043068438,                 0,                 0,                 0,      0.2692309295,      0.5567555042,       0.544470445,                 0,       0.849889065
          22,      -4.180767208,      -4.078335195,      -3.906082002,      -3.255844194,      0.9128078008,               0.5,      0.5945513611,      0.5070165877,                 0,                 0,                 0,      0.2707229819,      0.5577353766,      0.5472553251,                 0,      0.8527717215
          23,      -4.184946461,      -4.083721451,      -3.909018269,      -3.264744408,      0.8921860956,               0.5,      0.5954646315,       0.509412881,                 0,                 0,                 0,       0.272045412,      0.5584792654,      0.5497094876,                 0,      0.8554880575
          24,      -4.188910937,      -4.088735472,      -3.911778656,      -3.273411418,      0.8711738784,               0.5,      0.5961608357,      0.5115481951,                 0,                 0,                 0,      0.2732260307,      0.5590248217,       0.551888165,                 0,       0.858070783
          25,      -4.192680066,      -4.093420497,      -3.914376107,      -3.281851141,      0.8497794792,               0.5,      0.5966749299,      0.5134663583,                 0,                 0,                 0,      0.2742881222,      0.5594038593,      0.5538375171,                 0,      0.8605462247
          26,      -4.196267686,      -4.097809049,      -3.916818228,      -3.290069689,       0.828016203,               0.5,      0.5970363935,      0.5152039642,                 0,                 0,                 0,      0.2752511724,      0.5596432331,      0.5555961047,                 0,      0.8629356097
          27,      -4.199685853,      -4.101932534,      -3.919116771,      -3.298073299,      0.8059013548,               0.5,      0.5972700592,      0.5167915383,                 0,                 0,                 0,      0.2761314766,      0.5597655861,      0.5571961112,                 0,      0.8652560601
          28,      -4.202943962,      -4.105813606,      -3.921276869,      -3.305868321,      0.7834552225,               0.5,      0.5973968092,      0.5182545048,                 0,                 0,                 0,      0.2769426447,      0.5597899759,      0.5586643557,                 0,      0.8675213808
          29,      -4.206051894,      -4.109477575,       -3.92331279,      -3.313461204,      0.7607004413,               0.5,      0.5974341686,      0.5196139902,                 0,                 0,                 0,      0.2776960239,      0.5597324115,      0.5600231355,                 0,       0.869742672
          30,       -4.20901482,      -4.112940591,      -3.925227975,      -3.320858471,      0.7376624018,               0.5,       0.597396768,      0.5208874954,                 0,                 0,                 0,      0.2784010522,      0.5596062667,      0.5612909295,                 0,      0.8719288809
          31,      -4.211840244,      -4.116219111,      -3.927031194,      -3.328066657,      0.7143666648,               0.5,      0.5972968254,      0.5220894628,                 0,                 0,                 0,      0.2790655551,      0.5594227226,      0.5624829973,                 0,      0.8740871214
          32,      -4.214532494,      -4.119328042,      -3.928730408,      -3.335092268,      0.6908400897,               0.5,      0.5971445656,      0.5232317781,                 0,                 0,                 0,       0.279696008,      0.5591911498,      0.5636119089,                 0,      0.8762229588
          33,      -4.217096331,      -4.122277013,      -3.930327842,      -3.341941666,      0.6671106875,               0.5,       0.596948479,      0.5243241596,                 0,                 0,                 0,      0.2802977377,      0.5589193401,      0.5646879512,                 0,      0.8783407247
          34,       -4.21953691,      -4.125078165,      -3.931832386,      -3.348621202,      0.6432072759,               0.5,      0.5967155835,      0.5253745135,                 0,                 0,                 0,      0.2808751068,       0.558613743,      0.5657195005,                 0,      0.8804437626
          35,      -4.221857723,      -4.127740926,      -3.933249521,      -3.355137215,      0.6191597609,               0.5,      0.5964516477,      0.5263892395,                 0,                 0,                 0,      0.2814316714,      0.5582796664,      0.5667133434,                 0,      0.8825346388
          36,      -4.224062118,       -4.13027214,      -3.934580483,       -3.36149603,      0.5949984595,               0.5,      0.5961613869,      0.5273734903,                 0,                 0,                 0,      0.2819703161,      0.5579214548,       0.567674949,                 0,      0.8846153104
          37,      -4.226153903,      -4.132679115,      -3.935832558,      -3.367703922,      0.5707547828,               0.5,      0.5958486273,      0.5283313936,                 0,                 0,                 0,      0.2824933691,      0.5575426371,       0.568608702,                 0,      0.8866872716
          38,      -4.228136079,      -4.134968595,      -3.937010739,      -3.373767068,      0.5464607684,               0.5,      0.5955164537,      0.5292662369,                 0,                 0,                 0,      0.2830026988,      0.5571460613,      0.5695180968,                 0,      0.8887516602
          39,        -4.2300131,      -4.137145254,      -3.938113707,      -3.379691493,      0.5221544492,               0.5,      0.5951680089,      0.5301809533,                 0,                 0,                 0,      0.2834999805,      0.5567346579,      0.5704062786,                 0,      0.8908088898
          40,      -4.231791803,      -4.139211753,      -3.939145294,      -3.385481096,      0.4978793981,               0.5,      0.5948054237,      0.5310777223,                 0,                 0,                 0,      0.2839864728,      0.5563104005,      0.5712755705,                 0,      0.8928595825
          41,      -4.233476323,       -4.14117308,      -3.940108454,      -3.391141077,        0.47367042,               0.5,      0.5944302228,      0.5319581769,                 0,                 0,                 0,      0.2844631339,      0.5558746962,      0.5721277077,                 0,      0.8949043244
          42,      -4.235069557,      -4.143032162,       -3.94100132,      -3.396677104,      0.4495614204,               0.5,      0.5940436006,       0.532823577,                 0,                 0,                 0,      0.2849307169,      0.5554286485,      0.5729640303,                 0,      0.8969435517
          43,      -4.236574985,      -4.144793701,       -3.94182849,      -3.402094768,      0.4255871682,               0.5,      0.5936464834,      0.5336748763,                 0,                 0,                 0,      0.2853898079,       0.554973115,      0.5737855544,                 0,      0.8989775753
          44,      -4.237995055,      -4.146460327,      -3.942592978,      -3.407399716,      0.4017831375,               0.5,      0.5932395781,      0.5345127792,                 0,                 0,                 0,      0.2858408575,      0.5545087518,       0.574593032,                 0,      0.9010066067
          45,      -4.239331825,      -4.148034182,      -3.943294497,      -3.412597863,      0.3781851857,               0.5,      0.5928234156,      0.5353377882,                 0,                 0,                 0,      0.2862842067,      0.5540360534,      0.5753870012,                 0,      0.9030307745
          46,      -4.240587367,      -4.149516384,      -3.943935256,      -3.417695694,      0.3548350897,               0.5,      0.5923983561,      0.5361502428,                 0,                 0,                 0,      0.2867201074,      0.5535553553,      0.5761678261,                 0,      0.9050501867
          47,      -4.241763644,      -4.150903892,      -3.944518266,      -3.422700683,      0.3317808107,               0.5,      0.5919645792,      0.5369503564,                 0,                 0,                 0,      0.2871487382,       0.553066822,      0.5769357319,                 0,       0.907065009
          48,      -4.242862207,      -4.152201603,      -3.945044803,      -3.427621841,      0.3090460531,               0.5,      0.5915222313,      0.5377382482,                 0,                 0,                 0,      0.2875702279,       0.552570591,      0.5776908478,                 0,      0.9090752972
          49,      -4.243884367,      -4.153412169,       -3.94551376,      -3.432470437,      0.2866579787,               0.5,      0.5910714291,      0.5385139676,                 0,                 0,                 0,       0.287984667,      0.5520667755,      0.5784332312,                 0,       0.911081032
          50,      -4.244831513,      -4.154535305,       -3.94592719,      -3.437260918,        0.26464916,               0.5,      0.5906122406,      0.5392775133,                 0,                 0,                 0,      0.2883921179,      0.5515554433,      0.5791628856,                 0,      0.9130821819
          51,      -4.245704793,      -4.155567905,      -3.946285195,      -3.442012081,      0.2430527134,               0.5,      0.5901446838,      0.5400288493,                 0,                 0,                 0,      0.2887926243,      0.5510366149,      0.5798797763,                 0,      0.9150787326
          52,      -4.246505042,      -4.156507551,      -3.946584495,      -3.446748475,       0.221892489,               0.5,      0.5896687956,      0.5407679359,                 0,                 0,                 0,      0.2891862096,      0.5505103299,      0.5805838662,                 0,      0.9170706333
          53,      -4.247232995,      -4.157348906,      -3.946822162,      -3.451502057,      0.2011951983,               0.5,      0.5891846056,      0.5414947189,                 0,                 0,                 0,       0.289572887,      0.5499766216,      0.5812751035,                 0,      0.9190578195
          54,      -4.247889066,      -4.158083651,      -3.946994864,      -3.456314054,      0.1809867626,               0.5,      0.5886921242,       0.542209139,                 0,                 0,                 0,      0.2899526599,      0.5494355044,      0.5819534294,                 0,       0.921040246
          55,      -4.248473277,      -4.158699745,      -3.947095623,      -3.461236802,      0.1612896039,               0.5,       0.588191345,      0.5429111303,                 0,                 0,                 0,      0.2903255207,      0.5488869767,      0.5826187782,                 0,      0.9230178833
          56,      -4.248985182,      -4.159182034,      -3.947112727,      -3.466334825,      0.1421219788,               0.5,       0.587682246,      0.5436006178,                 0,                 0,                 0,      0.2906914492,      0.5483310215,      0.5832710731,                 0,      0.9249907097
          57,      -4.249423919,      -4.159512507,      -3.947033726,      -3.471685347,      0.1235004948,               0.5,      0.5871647906,       0.544277511,                 0,                 0,                 0,      0.2910504103,       0.547767609,      0.5839102216,                 0,         0.9269587
          58,      -4.249787928,      -4.159667685,      -3.946842563,      -3.477376488,      0.1054358201,               0.5,      0.5866389282,      0.5449416952,                 0,                 0,                 0,      0.2914023527,      0.5471966964,      0.5845361056,                 0,      0.9289218103
          59,      -4.250074583,      -4.159617816,      -3.946516787,       -3.48349986,     0.08793272831,               0.5,       0.586104596,      0.5455930301,                 0,                 0,                 0,      0.2917472083,      0.5466182309,      0.5851485808,                 0,      0.9308799724
          60,      -4.250280365,      -4.159328413,      -3.946026838,       -3.49013278,     0.07099676869,               0.5,      0.5855617181,      0.5462313564,                 0,                 0,                 0,      0.2920848921,      0.5460321481,      0.5857474828,                 0,      0.9328331062
          61,      -4.250400885,      -4.158763044,      -3.945342629,      -3.497319133,     0.05461659563,               0.5,      0.5850102079,      0.5468565035,                 0,                 0,                 0,      0.2924153049,      0.5454383733,      0.5863326357,                 0,      0.9347811305
          62,       -4.25043057,      -4.157871681,      -3.944423064,       -3.50501313,     0.03877415327,               0.5,      0.5844499739,      0.5474682876,                 0,                 0,                 0,       0.292738341,      0.5448368281,      0.5869038496,                 0,      0.9367239492
          63,      -4.250362076,      -4.157252313,      -3.943209172,      -3.512977753,     0.02345518648,               0.5,      0.5838809192,       0.548066521,                 0,                 0,                 0,      0.2930538947,      0.5442274289,      0.5874609305,                 0,      0.9386614684
          64,      -4.250193043,      -4.156330312,       -3.94181702,      -3.520638216,    0.008651261233,               0.5,      0.5833029485,      0.5486510275,                 0,                 0,                 0,      0.2933618656,      0.5436100931,      0.5880036959,                 0,      0.9405936124
          65,      -4.249927137,      -4.150307541,      -3.940099893,      -3.526860522,   -0.005635733259,               0.5,      0.5827159736,      0.5492216564,                 0,                 0,                 0,      0.2936621642,      0.5429847429,      0.5885319895,                 0,       0.942520338
          66,      -4.249464728,      -4.148579645,       -3.93814312,      -3.532170541,    -0.01937864589,               0.5,      0.5821199262,      0.5497782857,                 0,                 0,                 0,      0.2939547191,      0.5423513189,      0.5890456847,                 0,      0.9444416192
          67,      -4.248812405,      -4.148502297,      -3.935963291,      -3.536994755,    -0.03249887729,               0.5,      0.5815147506,      0.5503208348,                 0,                 0,                 0,      0.2942394802,      0.5417097712,      0.5895446973,                 0,      0.9463574814
          68,      -4.248024682,      -4.147247807,      -3.933408224,       -3.54071407,    -0.04483496593,               0.5,      0.5809004052,      0.5508492678,                 0,                 0,                 0,      0.2945164222,      0.5410600607,      0.5900289886,                 0,      0.9482680042
          69,      -4.247094397,      -4.145165639,      -3.930440848,      -3.542903376,    -0.05609416286,               0.5,      0.5802768658,      0.5513635994,                 0,                 0,                 0,      0.2947855461,      0.5404021622,      0.5904985713,                 0,      0.9501733257
          70,      -4.245996246,      -4.141735469,      -3.926932066,      -3.542994552,    -0.06580154246,               0.5,      0.5796441268,      0.5518638923,                 0,                 0,                 0,      0.2950468801,      0.5397360659,      0.5909535079,                 0,      0.9520736375
          71,      -4.244692366,      -4.137501101,      -3.922860106,      -3.540463869,    -0.07322941856,               0.5,      0.5790022033,      0.5523502592,                 0,                 0,                 0,      0.2953004781,      0.5390617789,      0.5913939117,                 0,      0.9539691836
          72,      -4.243155676,      -4.132019181,      -3.918168061,      -3.534773464,    -0.07735199649,               0.5,      0.5783511289,      0.5528228597,                 0,                 0,                 0,      0.2955464178,      0.5383793235,      0.5918199444,                 0,      0.9558602587
          73,      -4.241354253,      -4.125490582,      -3.912893083,      -3.525316093,    -0.07684714437,               0.5,      0.5776909549,      0.5532818937,                 0,                 0,                 0,      0.2957847992,      0.5376887371,      0.5922318087,                 0,      0.9577471985
          74,      -4.239261257,      -4.118080975,      -3.906889607,      -3.511440503,    -0.07021438569,               0.5,      0.5770217536,      0.5537275997,                 0,                 0,                 0,      0.2960157404,       0.536990075,      0.5926297479,                 0,      0.9596303714
          75,      -4.236848241,      -4.109446207,       -3.90040252,      -3.492925252,     -0.0560484554,               0.5,      0.5763436114,      0.5541602454,                 0,                 0,                 0,      0.2962393763,      0.5362834049,      0.5930140349,                 0,      0.9615101727
          76,      -4.234095797,      -4.101268296,      -3.893647928,      -3.470984884,    -0.03341229287,               0.5,      0.5756566333,      0.5545801202,                 0,                 0,                 0,      0.2964558548,      0.5355688113,      0.5933849657,                 0,      0.9633870055
          77,      -4.230989887,      -4.092624058,      -3.886677038,      -3.445963704,   -0.002162323345,               0.5,      0.5749609333,      0.5549875274,                 0,                 0,                 0,      0.2966653344,      0.5348463867,      0.5937428509,                 0,      0.9652612816
          78,      -4.227509506,       -4.08284028,      -3.879233414,      -3.418252126,     0.03694860858,               0.5,       0.574256637,       0.555382778,                 0,                 0,                 0,      0.2968679816,      0.5341162347,      0.5940880095,                 0,      0.9671334073
          79,      -4.223634806,      -4.071959436,      -3.871300967,      -3.388305612,     0.08249891768,               0.5,      0.5735438776,      0.5557661862,                 0,                 0,                 0,      0.2970639678,      0.5333784664,      0.5944207642,                 0,      0.9690037814
          80,      -4.219345086,      -4.060579838,      -3.863230265,      -3.356790044,      0.1327342996,               0.5,      0.5728227959,      0.5561380659,                 0,                 0,                 0,      0.2972534671,      0.5326332002,      0.5947414378,                 0,      0.9708727897
          81,      -4.214632334,      -4.049006094,      -3.854684241,      -3.324158587,      0.1859476769,               0.5,      0.5720935387,      0.5564987269,                 0,                 0,                 0,       0.297436654,      0.5318805609,        0.59505035,                 0,      0.9727408008
          82,      -4.209517699,      -4.036865923,      -3.845651642,      -3.290759374,      0.2407480719,               0.5,      0.5713562534,      0.5568484729,                 0,                 0,                 0,      0.2976137021,      0.5311206746,      0.5953478135,                 0,      0.9746081706
          83,       -4.20399228,      -4.023670976,       -3.83589662,      -3.256968096,      0.2959866955,               0.5,      0.5706110917,      0.5571875981,                 0,                 0,                 0,      0.2977847821,      0.5303536719,      0.5956341328,                 0,      0.9764752319
          84,      -4.198061154,      -4.011631884,       -3.82618197,      -3.223179202,      0.3508521924,               0.5,      0.5698583609,      0.5575164478,                 0,                 0,                 0,      0.2979500935,      0.5295798353,      0.5959096736,                 0,      0.9783421391
          85,        -4.1917436,      -4.000962265,      -3.816431747,      -3.189549356,      0.4048176509,               0.5,      0.5690982958,      0.5578353305,                 0,                 0,                 0,      0.2981098198,      0.5287993776,        0.59617476,                 0,      0.9802091037
          86,      -4.185057779,      -3.991737815,      -3.806341485,      -3.156291663,      0.4573912443,               0.5,       0.568331027,      0.5581445003,                 0,                 0,                 0,      0.2982641195,      0.5280124112,      0.5964296547,                 0,      0.9820764198
          87,      -4.178019183,       -3.98275366,      -3.795781931,      -3.123491936,      0.5083046788,               0.5,       0.567556683,      0.5584441943,                 0,                 0,                 0,      0.2984131467,      0.5272190479,      0.5966746032,                 0,      0.9839443549
          88,        -4.1706482,      -3.973269714,      -3.784757406,      -3.091186909,      0.5575262402,               0.5,      0.5667753939,      0.5587346322,                 0,                 0,                 0,      0.2985570509,       0.526419402,      0.5969098337,                 0,      0.9858131427
          89,      -4.162973628,      -3.964214581,      -3.774090485,      -3.059559388,      0.6049849946,               0.5,      0.5659872875,      0.5590160162,                 0,                 0,                 0,      0.2986959769,      0.5256135871,      0.5971355567,                 0,      0.9876829896
          90,      -4.155044595,      -3.954720568,      -3.762930694,      -3.028548658,      0.6506200783,               0.5,      0.5651924896,      0.5592885305,                 0,                 0,                 0,      0.2988300653,      0.5248017157,      0.5973519648,                 0,      0.9895540736
          91,      -4.146899739,      -3.944741247,      -3.751445311,      -2.998173449,      0.6944926441,               0.5,      0.5643911228,      0.5595523418,                 0,                 0,                 0,      0.2989594523,      0.5239838983,       0.597559233,                 0,      0.9914265467
          92,      -4.138577837,      -3.934413161,      -3.740030992,       -2.96845343,      0.7365927807,               0.5,      0.5635833061,      0.5598076001,                 0,                 0,                 0,      0.2990842704,      0.5231602435,      0.5977575191,                 0,      0.9933005363
          93,      -4.130114661,         -3.924246,      -3.728866508,      -2.939429913,      0.7769616975,               0.5,       0.562769156,      0.5600544387,                 0,                 0,                 0,      0.2992046487,      0.5223308581,      0.5979469641,                 0,      0.9951761441
          94,      -4.121558442,      -3.914448236,        -3.7178308,      -2.911074006,      0.8156123232,               0.5,      0.5619487842,      0.5602929754,                 0,                 0,                 0,      0.2993207124,      0.5214958452,      0.5981276936,                 0,      0.9970534525
          95,      -4.112962328,      -3.904832165,      -3.706981255,      -2.883393737,      0.8498226728,               0.5,       0.561122299,      0.5605233138,                 0,                 0,                 0,      0.2994325839,      0.5206553057,      0.5982998182,                 0,      0.9989325228
          96,      -4.104375882,      -3.895064523,      -3.696226138,      -2.856277097,      0.8750557223,               0.5,      0.5602898039,      0.5607455445,                 0,                 0,                 0,      0.2995403819,      0.5198093364,      0.5984634356,                 0,       1.000813402
          97,        -4.0958296,      -3.885120592,       -3.68569843,       -2.82942658,      0.8976001038,               0.5,      0.5594513972,      0.5609597474,                 0,                 0,                 0,      0.2996442221,        0.51895803,      0.5986186325,                 0,       1.002696124
          98,      -4.087362439,      -3.874717923,      -3.675405633,      -2.802736738,      0.9199935016,               0.5,      0.5586071728,       0.561165993,                 0,                 0,                 0,      0.2997442165,      0.5181014752,      0.5987654855,                 0,       1.004580715
          99,       -4.07899665,      -3.864333373,      -3.665536383,      -2.776223738,      0.9421456748,               0.5,      0.5577572181,      0.5613643446,                 0,                 0,                 0,      0.2998404736,      0.5172397546,      0.5989040641,                 0,       1.006467198
