"PointID","x","y","Pressure","Velocity_x","Velocity_y","Turb_Kin_Energy","Omega"
0, 1.000000000000000e+00, 1.499820000000000e-03, -1.397596257882383e+00, 0.000000000000000e+00, 0.000000000000000e+00, 1.000000000000000e-10, 2.000000195326229e+05
1, 9.999229944000000e-01, 1.505866800000000e-03, -6.978864636785994e-01, 0.000000000000000e+00, 0.000000000000000e+00, 1.000000000000000e-10, 2.000000563969355e+05
2, 9.996920012000000e-01, 1.524027300000000e-03, -3.619788081854957e-01, 0.000000000000000e+00, 0.000000000000000e+00, 1.000000000000000e-10, 1.999999901472022e+05
3, 9.993070915000000e-01, 1.554362200000000e-03, -3.044799951242333e-01, 0.000000000000000e+00, 0.000000000000000e+00, 1.000000000000000e-10, 2.000001167345914e+05
4, 9.987683841000000e-01, 1.596972300000000e-03, -3.064932757324906e-01, 0.000000000000000e+00, 0.000000000000000e+00, 1.000000000000000e-10, 2.000000418096416e+05
5, 9.980760447000000e-01, 1.651998800000000e-03, -3.149158972761988e-01, 0.000000000000000e+00, 0.000000000000000e+00, 1.000000000000000e-10, 2.000000948052947e+05
6, 9.972302866000000e-01, 1.719623000000000e-03, -3.183044258908213e-01, 0.000000000000000e+00, 0.000000000000000e+00, 1.000000000000000e-10, 2.000000274849729e+05
7, 9.962313704000000e-01, 1.800066300000000e-03, -3.162974334750047e-01, 0.000000000000000e+00, 0.000000000000000e+00, 1.000000000000000e-10, 2.000001948366768e+05
8, 9.950796038000000e-01, 1.893589600000000e-03, -3.131449582750336e-01, 0.000000000000000e+00, 0.000000000000000e+00, 1.000000000000000e-10, 1.999999285443561e+05
9, 9.937753414000000e-01, 2.000493900000000e-03, -3.126544144774195e-01, 0.000000000000000e+00, 0.000000000000000e+00, 1.000000000000000e-10, 2.000001114941912e+05
10, 9.923189851000001e-01, 2.121119100000000e-03, -3.153755128463692e-01, 0.000000000000000e+00, 0.000000000000000e+00, 1.000000000000000e-10, 2.000000857695615e+05
11, 9.907109835000000e-01, 2.255844100000000e-03, -3.200060273834829e-01, 0.000000000000000e+00, 0.000000000000000e+00, 1.000000000000000e-10, 2.000001471636878e+05
12, 9.889518318000000e-01, 2.405086500000000e-03, -3.250302939534079e-01, 0.000000000000000e+00, 0.000000000000000e+00, 1.000000000000000e-10, 1.999999488599477e+05
13, 9.870420718000000e-01, 2.569302000000000e-03, -3.297403599250553e-01, 0.000000000000000e+00, 0.000000000000000e+00, 1.000000000000000e-10, 1.999999799709129e+05
14, 9.849822920000000e-01, 2.748983600000000e-03, -3.340848748310313e-01, 0.000000000000000e+00, 0.000000000000000e+00, 1.000000000000000e-10, 1.999999397586513e+05
15, 9.827731266000000e-01, 2.944661400000000e-03, -3.381945846737300e-01, 0.000000000000000e+00, 0.000000000000000e+00, 1.000000000000000e-10, 2.000000457969752e+05
16, 9.804152563000000e-01, 3.156901400000000e-03, -3.421957138080962e-01, 0.000000000000000e+00, 0.000000000000000e+00, 1.000000000000000e-10, 1.999999946158490e+05
17, 9.779094072000000e-01, 3.386305100000000e-03, -3.461817557816888e-01, 0.000000000000000e+00, 0.000000000000000e+00, 1.000000000000000e-10, 2.000001810197505e+05
18, 9.752563512000000e-01, 3.633507900000000e-03, -3.502145389043005e-01, 0.000000000000000e+00, 0.000000000000000e+00, 1.000000000000000e-10, 2.000002826206098e+05
19, 9.724569055000000e-01, 3.899178600000000e-03, -3.543361362846991e-01, 0.000000000000000e+00, 0.000000000000000e+00, 1.000000000000000e-10, 2.000000938767413e+05
20, 9.695119324000000e-01, 4.184017800000000e-03, -3.585767018116272e-01, 0.000000000000000e+00, 0.000000000000000e+00, 1.000000000000000e-10, 2.000000716383539e+05
21, 9.664223391000000e-01, 4.488756700000000e-03, -3.629583716036092e-01, 0.000000000000000e+00, 0.000000000000000e+00, 1.000000000000000e-10, 2.000002485709774e+05
22, 9.631890772000000e-01, 4.814155000000000e-03, -3.674945825921059e-01, 0.000000000000000e+00, 0.000000000000000e+00, 1.000000000000000e-10, 2.000002321653250e+05
23, 9.598131425999999e-01, 5.160999800000000e-03, -3.721901136956228e-01, 0.000000000000000e+00, 0.000000000000000e+00, 1.000000000000000e-10, 2.000002389327719e+05
24, 9.562955751000000e-01, 5.530103200000000e-03, -3.770447505832845e-01, 0.000000000000000e+00, 0.000000000000000e+00, 1.000000000000000e-10, 2.000002797626388e+05
25, 9.526374583000000e-01, 5.922300400000000e-03, -3.820564132013857e-01, 0.000000000000000e+00, 0.000000000000000e+00, 1.000000000000000e-10, 2.000002243496414e+05
26, 9.488399190000000e-01, 6.338447200000000e-03, -3.872226908496913e-01, 0.000000000000000e+00, 0.000000000000000e+00, 1.000000000000000e-10, 2.000004733629648e+05
27, 9.449041268000000e-01, 6.779417300000000e-03, -3.925415244078063e-01, 0.000000000000000e+00, 0.000000000000000e+00, 1.000000000000000e-10, 2.000002738116667e+05
28, 9.408312942000000e-01, 7.246099900000000e-03, -3.980113594505450e-01, 0.000000000000000e+00, 0.000000000000000e+00, 1.000000000000000e-10, 2.000002862658448e+05
29, 9.366226755000000e-01, 7.739396300000000e-03, -4.036312507734759e-01, 0.000000000000000e+00, 0.000000000000000e+00, 1.000000000000000e-10, 2.000005532627012e+05
30, 9.322795672000000e-01, 8.260216600000000e-03, -4.094008114034660e-01, 0.000000000000000e+00, 0.000000000000000e+00, 1.000000000000000e-10, 2.000003710893501e+05
31, 9.278033071000000e-01, 8.809476700000001e-03, -4.153175781149764e-01, 0.000000000000000e+00, 0.000000000000000e+00, 1.000000000000000e-10, 2.000004320350581e+05
32, 9.231952738000000e-01, 9.388093900000000e-03, -4.213763790000774e-01, 0.000000000000000e+00, 0.000000000000000e+00, 1.000000000000000e-10, 2.000004168920503e+05
33, 9.184568869000000e-01, 9.996983100000001e-03, -4.275706238008476e-01, 0.000000000000000e+00, 0.000000000000000e+00, 1.000000000000000e-10, 2.000003122103939e+05
34, 9.135896058000000e-01, 1.063705300000000e-02, -4.338914383606030e-01, 0.000000000000000e+00, 0.000000000000000e+00, 1.000000000000000e-10, 2.000004902823629e+05
35, 9.085949298000000e-01, 1.130920080000000e-02, -4.403300696103532e-01, 0.000000000000000e+00, 0.000000000000000e+00, 1.000000000000000e-10, 2.000005173851311e+05
36, 9.034743973000000e-01, 1.201430830000000e-02, -4.468778282724274e-01, 0.000000000000000e+00, 0.000000000000000e+00, 1.000000000000000e-10, 2.000006218819737e+05
37, 8.982295856000000e-01, 1.275323610000000e-02, -4.535240323797053e-01, 0.000000000000000e+00, 0.000000000000000e+00, 1.000000000000000e-10, 2.000005119197322e+05
38, 8.928621101999999e-01, 1.352681940000000e-02, -4.602557982363279e-01, 0.000000000000000e+00, 0.000000000000000e+00, 1.000000000000000e-10, 2.000006838487076e+05
39, 8.873736244000000e-01, 1.433586160000000e-02, -4.670589901025449e-01, 0.000000000000000e+00, 0.000000000000000e+00, 1.000000000000000e-10, 2.000007252423396e+05
40, 8.817658188000000e-01, 1.518112940000000e-02, -4.739206278804219e-01, 0.000000000000000e+00, 0.000000000000000e+00, 1.000000000000000e-10, 2.000005894148365e+05
41, 8.760404207000000e-01, 1.606334700000000e-02, -4.808280695680957e-01, 0.000000000000000e+00, 0.000000000000000e+00, 1.000000000000000e-10, 2.000005435841630e+05
42, 8.701991937000000e-01, 1.698318960000000e-02, -4.877672796887095e-01, 0.000000000000000e+00, 0.000000000000000e+00, 1.000000000000000e-10, 2.000005550310833e+05
43, 8.642439370000000e-01, 1.794127810000000e-02, -4.947239560696746e-01, 0.000000000000000e+00, 0.000000000000000e+00, 1.000000000000000e-10, 2.000005352318673e+05
44, 8.581764849000000e-01, 1.893817250000000e-02, -5.016845022011649e-01, 0.000000000000000e+00, 0.000000000000000e+00, 1.000000000000000e-10, 2.000005576000774e+05
45, 8.519987063000000e-01, 1.997436560000000e-02, -5.086333783093412e-01, 0.000000000000000e+00, 0.000000000000000e+00, 1.000000000000000e-10, 2.000004420251570e+05
46, 8.457125043000000e-01, 2.105027700000000e-02, -5.155532897136147e-01, 0.000000000000000e+00, 0.000000000000000e+00, 1.000000000000000e-10, 2.000004435232970e+05
47, 8.393198149000000e-01, 2.216624650000000e-02, -5.224264440200648e-01, 0.000000000000000e+00, 0.000000000000000e+00, 1.000000000000000e-10, 2.000004988709083e+05
48, 8.328226075000000e-01, 2.332252780000000e-02, -5.292342017951477e-01, 0.000000000000000e+00, 0.000000000000000e+00, 1.000000000000000e-10, 2.000003988734521e+05
49, 8.262228831000000e-01, 2.451928250000000e-02, -5.359587638278448e-01, 0.000000000000000e+00, 0.000000000000000e+00, 1.000000000000000e-10, 2.000003639234671e+05
50, 8.195226747000000e-01, 2.575657370000000e-02, -5.425831590327744e-01, 0.000000000000000e+00, 0.000000000000000e+00, 1.000000000000000e-10, 2.000005107176252e+05
51, 8.127240462000000e-01, 2.703435970000000e-02, -5.490879993362117e-01, 0.000000000000000e+00, 0.000000000000000e+00, 1.000000000000000e-10, 2.000005416628523e+05
52, 8.058290915000000e-01, 2.835248870000000e-02, -5.554517458734533e-01, 0.000000000000000e+00, 0.000000000000000e+00, 1.000000000000000e-10, 2.000004858968565e+05
53, 7.988399346000000e-01, 2.971069290000000e-02, -5.616537964118262e-01, 0.000000000000000e+00, 0.000000000000000e+00, 1.000000000000000e-10, 2.000004794146022e+05
54, 7.917587283000000e-01, 3.110858270000000e-02, -5.676733938036684e-01, 0.000000000000000e+00, 0.000000000000000e+00, 1.000000000000000e-10, 2.000005539173409e+05
55, 7.845876537000001e-01, 3.254564220000000e-02, -5.734892380821358e-01, 0.000000000000000e+00, 0.000000000000000e+00, 1.000000000000000e-10, 2.000004259353008e+05
56, 7.773289197000000e-01, 3.402122400000000e-02, -5.790818791033983e-01, 0.000000000000000e+00, 0.000000000000000e+00, 1.000000000000000e-10, 2.000004771505911e+05
57, 7.699847621000000e-01, 3.553454510000000e-02, -5.844313403136752e-01, 0.000000000000000e+00, 0.000000000000000e+00, 1.000000000000000e-10, 2.000002992211443e+05
58, 7.625574431000000e-01, 3.708468300000000e-02, -5.895152932233436e-01, 0.000000000000000e+00, 0.000000000000000e+00, 1.000000000000000e-10, 2.000003774189979e+05
59, 7.550492505000000e-01, 3.867057180000000e-02, -5.943113100700059e-01, 0.000000000000000e+00, 0.000000000000000e+00, 1.000000000000000e-10, 2.000003574516010e+05
60, 7.474624969000000e-01, 4.029099990000000e-02, -5.987975498895084e-01, 0.000000000000000e+00, 0.000000000000000e+00, 1.000000000000000e-10, 2.000001819085657e+05
61, 7.397995194000000e-01, 4.194460740000000e-02, -6.029520964404302e-01, 0.000000000000000e+00, 0.000000000000000e+00, 1.000000000000000e-10, 2.000001990326546e+05
62, 7.320626781000000e-01, 4.362988410000000e-02, -6.067539729424027e-01, 0.000000000000000e+00, 0.000000000000000e+00, 1.000000000000000e-10, 2.000000499809247e+05
63, 7.242543564000000e-01, 4.534516890000000e-02, -6.101828911763880e-01, 0.000000000000000e+00, 0.000000000000000e+00, 1.000000000000000e-10, 2.000001725557047e+05
64, 7.163769592000000e-01, 4.708864900000000e-02, -6.132172920703267e-01, 0.000000000000000e+00, 0.000000000000000e+00, 1.000000000000000e-10, 2.000001537447182e+05
65, 7.084329130000000e-01, 4.885836030000000e-02, -6.158361165741242e-01, 0.000000000000000e+00, 0.000000000000000e+00, 1.000000000000000e-10, 2.000001242129715e+05
66, 7.004246648000000e-01, 5.065218840000000e-02, -6.180196540019787e-01, 0.000000000000000e+00, 0.000000000000000e+00, 1.000000000000000e-10, 1.999999506616105e+05
67, 6.923546813000000e-01, 5.246787070000000e-02, -6.197470426130728e-01, 0.000000000000000e+00, 0.000000000000000e+00, 1.000000000000000e-10, 2.000000060558031e+05
68, 6.842254482000000e-01, 5.430299840000000e-02, -6.209981089216474e-01, 0.000000000000000e+00, 0.000000000000000e+00, 1.000000000000000e-10, 1.999998371903126e+05
69, 6.760394695000000e-01, 5.615502050000000e-02, -6.217544756773021e-01, 0.000000000000000e+00, 0.000000000000000e+00, 1.000000000000000e-10, 2.000000622781667e+05
70, 6.677992667000000e-01, 5.802124720000000e-02, -6.219967753807819e-01, 0.000000000000000e+00, 0.000000000000000e+00, 1.000000000000000e-10, 1.999998685689633e+05
71, 6.595073779000000e-01, 5.989885590000000e-02, -6.217062146018287e-01, 0.000000000000000e+00, 0.000000000000000e+00, 1.000000000000000e-10, 1.999999243416662e+05
72, 6.511663572000000e-01, 6.178489610000000e-02, -6.208652706143274e-01, 0.000000000000000e+00, 0.000000000000000e+00, 1.000000000000000e-10, 1.999999455314717e+05
73, 6.427787739000000e-01, 6.367629649999999e-02, -6.194560125637263e-01, 0.000000000000000e+00, 0.000000000000000e+00, 1.000000000000000e-10, 2.000001851838773e+05
74, 6.343472115000000e-01, 6.556987200000000e-02, -6.174616177371010e-01, 0.000000000000000e+00, 0.000000000000000e+00, 1.000000000000000e-10, 1.999999671835687e+05
75, 6.258742671000000e-01, 6.746233250000000e-02, -6.148656614504567e-01, 0.000000000000000e+00, 0.000000000000000e+00, 1.000000000000000e-10, 1.999999317989104e+05
76, 6.173625506000000e-01, 6.935029130000001e-02, -6.116526279721678e-01, 0.000000000000000e+00, 0.000000000000000e+00, 1.000000000000000e-10, 1.999999479561203e+05
77, 6.088146838000000e-01, 7.123027490000000e-02, -6.078077837259234e-01, 0.000000000000000e+00, 0.000000000000000e+00, 1.000000000000000e-10, 1.999998182197886e+05
78, 6.002332996999999e-01, 7.309873340000000e-02, -6.033176301200515e-01, 0.000000000000000e+00, 0.000000000000000e+00, 1.000000000000000e-10, 1.999999886507747e+05
79, 5.916210414000000e-01, 7.495205150000001e-02, -5.981691638618070e-01, 0.000000000000000e+00, 0.000000000000000e+00, 1.000000000000000e-10, 2.000000058557285e+05
80, 5.829805617000000e-01, 7.678656000000000e-02, -5.923498864155130e-01, 0.000000000000000e+00, 0.000000000000000e+00, 1.000000000000000e-10, 1.999999397008832e+05
81, 5.743145222000000e-01, 7.859854820000001e-02, -5.858515249296689e-01, 0.000000000000000e+00, 0.000000000000000e+00, 1.000000000000000e-10, 2.000000548764880e+05
82, 5.656255921000000e-01, 8.038427610000000e-02, -5.786635770320171e-01, 0.000000000000000e+00, 0.000000000000000e+00, 1.000000000000000e-10, 1.999999047515896e+05
83, 5.569164478999999e-01, 8.213998820000000e-02, -5.707751992501966e-01, 0.000000000000000e+00, 0.000000000000000e+00, 1.000000000000000e-10, 1.999999853091381e+05
84, 5.481897721000000e-01, 8.386192639999999e-02, -5.621777778721696e-01, 0.000000000000000e+00, 0.000000000000000e+00, 1.000000000000000e-10, 2.000000036919968e+05
85, 5.394482528000000e-01, 8.554634379999999e-02, -5.528646059382495e-01, 0.000000000000000e+00, 0.000000000000000e+00, 1.000000000000000e-10, 2.000001417252906e+05
86, 5.306945825000000e-01, 8.718951899999999e-02, -5.428322553903451e-01, 0.000000000000000e+00, 0.000000000000000e+00, 1.000000000000000e-10, 1.999999591543552e+05
87, 5.219314576000000e-01, 8.878777010000000e-02, -5.320786740379017e-01, 0.000000000000000e+00, 0.000000000000000e+00, 1.000000000000000e-10, 1.999999743791915e+05
88, 5.131615773000000e-01, 9.033746900000000e-02, -5.206013472334013e-01, 0.000000000000000e+00, 0.000000000000000e+00, 1.000000000000000e-10, 1.999999750654911e+05
89, 5.043876429000000e-01, 9.183505550000000e-02, -5.083978655640323e-01, 0.000000000000000e+00, 0.000000000000000e+00, 1.000000000000000e-10, 2.000000005535632e+05
90, 4.956123571000000e-01, 9.327705159999999e-02, -4.954742333955379e-01, 0.000000000000000e+00, 0.000000000000000e+00, 1.000000000000000e-10, 2.000000761898255e+05
91, 4.868384227000000e-01, 9.466007529999999e-02, -4.818347073948041e-01, 0.000000000000000e+00, 0.000000000000000e+00, 1.000000000000000e-10, 2.000001514397789e+05
92, 4.780685424000000e-01, 9.598085450000000e-02, -4.674774807205186e-01, 0.000000000000000e+00, 0.000000000000000e+00, 1.000000000000000e-10, 1.999998580004842e+05
93, 4.693054175000000e-01, 9.723624060000000e-02, -4.524139769846348e-01, 0.000000000000000e+00, 0.000000000000000e+00, 1.000000000000000e-10, 2.000000228058435e+05
94, 4.605517472000000e-01, 9.842322080000000e-02, -4.366592056759374e-01, 0.000000000000000e+00, 0.000000000000000e+00, 1.000000000000000e-10, 1.999998671856834e+05
95, 4.518102279000000e-01, 9.953893140000000e-02, -4.202254647033564e-01, 0.000000000000000e+00, 0.000000000000000e+00, 1.000000000000000e-10, 2.000000516127325e+05
96, 4.430835521000000e-01, 1.005806691000000e-01, -4.031178355149089e-01, 0.000000000000000e+00, 0.000000000000000e+00, 1.000000000000000e-10, 1.999999415856022e+05
97, 4.343744079000000e-01, 1.015459026000000e-01, -3.853420544389774e-01, 0.000000000000000e+00, 0.000000000000000e+00, 1.000000000000000e-10, 2.000001579305551e+05
98, 4.256854778000000e-01, 1.024322830000000e-01, -3.669075179082047e-01, 0.000000000000000e+00, 0.000000000000000e+00, 1.000000000000000e-10, 2.000001915234140e+05
99, 4.170194383000000e-01, 1.032376536000000e-01, -3.478352796719733e-01, 0.000000000000000e+00, 0.000000000000000e+00, 1.000000000000000e-10, 1.999998688716769e+05
100, 4.083789586000000e-01, 1.039600591000000e-01, -3.281617948690735e-01, 0.000000000000000e+00, 0.000000000000000e+00, 1.000000000000000e-10, 2.000000091542711e+05
101, 3.997667003000000e-01, 1.045977531000000e-01, -3.079228587948382e-01, 0.000000000000000e+00, 0.000000000000000e+00, 1.000000000000000e-10, 2.000001328884507e+05
102, 3.911853162000000e-01, 1.051492054000000e-01, -2.871296505398192e-01, 0.000000000000000e+00, 0.000000000000000e+00, 1.000000000000000e-10, 2.000001207361119e+05
103, 3.826374494000000e-01, 1.056131082000000e-01, -2.658102300981199e-01, 0.000000000000000e+00, 0.000000000000000e+00, 1.000000000000000e-10, 2.000001273929067e+05
104, 3.741257329000000e-01, 1.059883809000000e-01, -2.440055720489796e-01, 0.000000000000000e+00, 0.000000000000000e+00, 1.000000000000000e-10, 1.999999681128196e+05
105, 3.656527885000000e-01, 1.062741742000000e-01, -2.217381346752373e-01, 0.000000000000000e+00, 0.000000000000000e+00, 1.000000000000000e-10, 2.000000419555840e+05
106, 3.572212261000000e-01, 1.064698728000000e-01, -1.990604133694905e-01, 0.000000000000000e+00, 0.000000000000000e+00, 1.000000000000000e-10, 1.999999917198709e+05
107, 3.488336428000000e-01, 1.065750971000000e-01, -1.760084001889022e-01, 0.000000000000000e+00, 0.000000000000000e+00, 1.000000000000000e-10, 1.999999382602428e+05
108, 3.404926221000000e-01, 1.065897041000000e-01, -1.526304066170744e-01, 0.000000000000000e+00, 0.000000000000000e+00, 1.000000000000000e-10, 2.000000827751059e+05
109, 3.322007333000000e-01, 1.065137863000000e-01, -1.289876159761870e-01, 0.000000000000000e+00, 0.000000000000000e+00, 1.000000000000000e-10, 1.999999406778326e+05
110, 3.239605305000000e-01, 1.063476707000000e-01, -1.051818666283276e-01, 0.000000000000000e+00, 0.000000000000000e+00, 1.000000000000000e-10, 2.000001423341100e+05
111, 3.157745518000000e-01, 1.060919153000000e-01, -8.123588560197902e-02, 0.000000000000000e+00, 0.000000000000000e+00, 1.000000000000000e-10, 2.000000578678586e+05
112, 3.076453187000000e-01, 1.057473059000000e-01, -5.683594687912635e-02, 0.000000000000000e+00, 0.000000000000000e+00, 1.000000000000000e-10, 1.999999860144250e+05
113, 2.995753352000000e-01, 1.053148506000000e-01, -3.019592316007208e-02, 0.000000000000000e+00, 0.000000000000000e+00, 1.000000000000000e-10, 1.999999480348247e+05
114, 2.915670870000000e-01, 1.047957743000000e-01, -2.993582344200964e-03, 0.000000000000000e+00, 0.000000000000000e+00, 1.000000000000000e-10, 1.999999079191374e+05
115, 2.836230408000000e-01, 1.041915111000000e-01, 2.102676302133941e-02, 0.000000000000000e+00, 0.000000000000000e+00, 1.000000000000000e-10, 1.999999690742777e+05
116, 2.757456436000000e-01, 1.035036969000000e-01, 4.410992050332004e-02, 0.000000000000000e+00, 0.000000000000000e+00, 1.000000000000000e-10, 1.999998841932895e+05
117, 2.679373219000000e-01, 1.027341604000000e-01, 6.771924710391718e-02, 0.000000000000000e+00, 0.000000000000000e+00, 1.000000000000000e-10, 1.999998801172738e+05
118, 2.602004806000000e-01, 1.018849133000000e-01, 9.165328752175608e-02, 0.000000000000000e+00, 0.000000000000000e+00, 1.000000000000000e-10, 1.999999636512435e+05
119, 2.525375031000000e-01, 1.009581399000000e-01, 1.156565065003251e-01, 0.000000000000000e+00, 0.000000000000000e+00, 1.000000000000000e-10, 2.000000366311895e+05
120, 2.449507495000000e-01, 9.995618589999999e-02, 1.395781556466862e-01, 0.000000000000000e+00, 0.000000000000000e+00, 1.000000000000000e-10, 1.999998700791660e+05
121, 2.374425569000000e-01, 9.888154700000000e-02, 1.633727556691026e-01, 0.000000000000000e+00, 0.000000000000000e+00, 1.000000000000000e-10, 2.000001837600709e+05
122, 2.300152379000000e-01, 9.773685570000000e-02, 1.870084392334840e-01, 0.000000000000000e+00, 0.000000000000000e+00, 1.000000000000000e-10, 2.000000045798603e+05
123, 2.226710803000000e-01, 9.652486920000000e-02, 2.104609867635712e-01, 0.000000000000000e+00, 0.000000000000000e+00, 1.000000000000000e-10, 1.999999576262937e+05
124, 2.154123463000000e-01, 9.524845610000000e-02, 2.336910626971842e-01, 0.000000000000000e+00, 0.000000000000000e+00, 1.000000000000000e-10, 2.000000074015936e+05
125, 2.082412717000000e-01, 9.391058220000000e-02, 2.566525841491659e-01, 0.000000000000000e+00, 0.000000000000000e+00, 1.000000000000000e-10, 1.999998096873857e+05
126, 2.011600654000000e-01, 9.251429760000000e-02, 2.793311767139639e-01, 0.000000000000000e+00, 0.000000000000000e+00, 1.000000000000000e-10, 1.999999554258344e+05
127, 1.941709085000000e-01, 9.106272180000000e-02, 3.017391330674759e-01, 0.000000000000000e+00, 0.000000000000000e+00, 1.000000000000000e-10, 2.000000870312086e+05
128, 1.872759538000000e-01, 8.955903040000000e-02, 3.238702242424210e-01, 0.000000000000000e+00, 0.000000000000000e+00, 1.000000000000000e-10, 2.000000015554222e+05
129, 1.804773253000000e-01, 8.800644080000000e-02, 3.456934389442208e-01, 0.000000000000000e+00, 0.000000000000000e+00, 1.000000000000000e-10, 2.000000456686172e+05
130, 1.737771169000000e-01, 8.640819819999999e-02, 3.671913359648695e-01, 0.000000000000000e+00, 0.000000000000000e+00, 1.000000000000000e-10, 1.999999861558165e+05
131, 1.671773925000000e-01, 8.476756200000000e-02, 3.883639460328325e-01, 0.000000000000000e+00, 0.000000000000000e+00, 1.000000000000000e-10, 2.000000454762541e+05
132, 1.606801851000000e-01, 8.308779210000000e-02, 4.092158384725051e-01, 0.000000000000000e+00, 0.000000000000000e+00, 1.000000000000000e-10, 2.000000433304065e+05
133, 1.542874957000000e-01, 8.137213570000000e-02, 4.297608386487892e-01, 0.000000000000000e+00, 0.000000000000000e+00, 1.000000000000000e-10, 2.000000039606880e+05
134, 1.480012937000000e-01, 7.962381480000000e-02, 4.500207273308211e-01, 0.000000000000000e+00, 0.000000000000000e+00, 1.000000000000000e-10, 1.999998520467166e+05
135, 1.418235151000000e-01, 7.784601330000000e-02, 4.700223274734899e-01, 0.000000000000000e+00, 0.000000000000000e+00, 1.000000000000000e-10, 2.000000210222896e+05
136, 1.357560630000000e-01, 7.604186540000001e-02, 4.897795272728278e-01, 0.000000000000000e+00, 0.000000000000000e+00, 1.000000000000000e-10, 2.000000539632326e+05
137, 1.298008063000000e-01, 7.421444419999999e-02, 5.093003777704068e-01, 0.000000000000000e+00, 0.000000000000000e+00, 1.000000000000000e-10, 1.999998984228663e+05
138, 1.239595793000000e-01, 7.236675130000000e-02, 5.286052325372173e-01, 0.000000000000000e+00, 0.000000000000000e+00, 1.000000000000000e-10, 1.999999387414551e+05
139, 1.182341812000000e-01, 7.050170610000001e-02, 5.477258676017844e-01, 0.000000000000000e+00, 0.000000000000000e+00, 1.000000000000000e-10, 1.999999627388004e+05
140, 1.126263756000000e-01, 6.862213670000000e-02, 5.667016490759496e-01, 0.000000000000000e+00, 0.000000000000000e+00, 1.000000000000000e-10, 1.999998345792223e+05
141, 1.071378898000000e-01, 6.673077170000000e-02, 5.855767065194296e-01, 0.000000000000000e+00, 0.000000000000000e+00, 1.000000000000000e-10, 2.000001396769216e+05
142, 1.017704144000000e-01, 6.483023120000000e-02, 6.043993263024537e-01, 0.000000000000000e+00, 0.000000000000000e+00, 1.000000000000000e-10, 2.000000025190251e+05
143, 9.652560270000000e-02, 6.292302070000000e-02, 6.232221035107564e-01, 0.000000000000000e+00, 0.000000000000000e+00, 1.000000000000000e-10, 1.999998861298905e+05
144, 9.140507019999999e-02, 6.101152410000000e-02, 6.421032266924452e-01, 0.000000000000000e+00, 0.000000000000000e+00, 1.000000000000000e-10, 1.999999451791905e+05
145, 8.641039420000000e-02, 5.909799820000000e-02, 6.611057205075573e-01, 0.000000000000000e+00, 0.000000000000000e+00, 1.000000000000000e-10, 2.000000999206754e+05
146, 8.154311309999999e-02, 5.718456760000000e-02, 6.802984265130692e-01, 0.000000000000000e+00, 0.000000000000000e+00, 1.000000000000000e-10, 1.999999380831046e+05
147, 7.680472620000001e-02, 5.527322140000000e-02, 6.997565958614066e-01, 0.000000000000000e+00, 0.000000000000000e+00, 1.000000000000000e-10, 2.000000652215819e+05
148, 7.219669290000000e-02, 5.336580890000000e-02, 7.195629252711777e-01, 0.000000000000000e+00, 0.000000000000000e+00, 1.000000000000000e-10, 1.999999835487769e+05
149, 6.772043279999999e-02, 5.146403790000000e-02, 7.398076046469662e-01, 0.000000000000000e+00, 0.000000000000000e+00, 1.000000000000000e-10, 2.000000516628444e+05
150, 6.337732450000000e-02, 4.956947250000000e-02, 7.605873955380373e-01, 0.000000000000000e+00, 0.000000000000000e+00, 1.000000000000000e-10, 2.000000199880830e+05
151, 5.916870580000000e-02, 4.768353200000000e-02, 7.820053622717178e-01, 0.000000000000000e+00, 0.000000000000000e+00, 1.000000000000000e-10, 2.000001209225491e+05
152, 5.509587320000000e-02, 4.580749070000000e-02, 8.041721722265679e-01, 0.000000000000000e+00, 0.000000000000000e+00, 1.000000000000000e-10, 1.999999075101244e+05
153, 5.116008100000000e-02, 4.394247820000000e-02, 8.272080260142741e-01, 0.000000000000000e+00, 0.000000000000000e+00, 1.000000000000000e-10, 2.000000031939732e+05
154, 4.736254170000000e-02, 4.208948010000000e-02, 8.512415218474823e-01, 0.000000000000000e+00, 0.000000000000000e+00, 1.000000000000000e-10, 2.000000770126517e+05
155, 4.370442490000000e-02, 4.024933970000000e-02, 8.764069210883300e-01, 0.000000000000000e+00, 0.000000000000000e+00, 1.000000000000000e-10, 1.999999593515787e+05
156, 4.018685740000000e-02, 3.842276020000000e-02, 9.028424187941952e-01, 0.000000000000000e+00, 0.000000000000000e+00, 1.000000000000000e-10, 2.000001249941098e+05
157, 3.681092280000000e-02, 3.661030700000000e-02, 9.306853995496990e-01, 0.000000000000000e+00, 0.000000000000000e+00, 1.000000000000000e-10, 1.999999575820294e+05
158, 3.357766090000000e-02, 3.481241120000000e-02, 9.600654988393185e-01, 0.000000000000000e+00, 0.000000000000000e+00, 1.000000000000000e-10, 2.000000673266449e+05
159, 3.048806760000000e-02, 3.302937270000000e-02, 9.910933470133275e-01, 0.000000000000000e+00, 0.000000000000000e+00, 1.000000000000000e-10, 1.999999325578345e+05
160, 2.754309450000000e-02, 3.126136470000000e-02, 1.023853252923104e+00, 0.000000000000000e+00, 0.000000000000000e+00, 1.000000000000000e-10, 2.000000212019819e+05
161, 2.474364880000000e-02, 2.950843770000000e-02, 1.058410106974632e+00, 0.000000000000000e+00, 0.000000000000000e+00, 1.000000000000000e-10, 1.999999903139773e+05
162, 2.209059280000000e-02, 2.777052430000000e-02, 1.094849937626667e+00, 0.000000000000000e+00, 0.000000000000000e+00, 1.000000000000000e-10, 2.000000019978278e+05
163, 1.958474370000000e-02, 2.604744440000000e-02, 1.133370576591038e+00, 0.000000000000000e+00, 0.000000000000000e+00, 1.000000000000000e-10, 2.000000586155893e+05
164, 1.722687340000000e-02, 2.433891010000000e-02, 1.174393366529682e+00, 0.000000000000000e+00, 0.000000000000000e+00, 1.000000000000000e-10, 1.999999464206942e+05
165, 1.501770800000000e-02, 2.264453160000000e-02, 1.218592251233236e+00, 0.000000000000000e+00, 0.000000000000000e+00, 1.000000000000000e-10, 2.000000564478418e+05
166, 1.295792820000000e-02, 2.096382240000000e-02, 1.265751172373235e+00, 0.000000000000000e+00, 0.000000000000000e+00, 1.000000000000000e-10, 1.999999418364427e+05
167, 1.104816820000000e-02, 1.929620610000000e-02, 1.315833912163175e+00, 0.000000000000000e+00, 0.000000000000000e+00, 1.000000000000000e-10, 2.000001207263004e+05
168, 9.289016500000000e-03, 1.764102130000000e-02, 1.368936087600752e+00, 0.000000000000000e+00, 0.000000000000000e+00, 1.000000000000000e-10, 1.999999855990765e+05
169, 7.681014900000000e-03, 1.599752870000000e-02, 1.425149021200988e+00, 0.000000000000000e+00, 0.000000000000000e+00, 1.000000000000000e-10, 1.999998820356449e+05
170, 6.224658600000000e-03, 1.436491690000000e-02, 1.484496890293418e+00, 0.000000000000000e+00, 0.000000000000000e+00, 1.000000000000000e-10, 1.999999741115763e+05
171, 4.920396200000000e-03, 1.274230890000000e-02, 1.546840217946900e+00, 0.000000000000000e+00, 0.000000000000000e+00, 1.000000000000000e-10, 2.000000739009025e+05
172, 3.768629600000000e-03, 1.112876860000000e-02, 1.611727206002225e+00, 0.000000000000000e+00, 0.000000000000000e+00, 1.000000000000000e-10, 1.999998281101713e+05
173, 2.769713400000000e-03, 9.523307100000000e-03, 1.678197437324948e+00, 0.000000000000000e+00, 0.000000000000000e+00, 1.000000000000000e-10, 2.000000686887969e+05
174, 1.923955300000000e-03, 7.924889200000000e-03, 1.744556477363500e+00, 0.000000000000000e+00, 0.000000000000000e+00, 1.000000000000000e-10, 2.000000220700263e+05
175, 1.231615900000000e-03, 6.332440300000000e-03, 1.808201696027262e+00, 0.000000000000000e+00, 0.000000000000000e+00, 1.000000000000000e-10, 2.000000936256171e+05
176, 6.929085000000000e-04, 4.744852500000000e-03, 1.865644818758485e+00, 0.000000000000000e+00, 0.000000000000000e+00, 1.000000000000000e-10, 1.999999755190265e+05
177, 3.079988000000000e-04, 3.160991500000000e-03, 1.912898074503797e+00, 0.000000000000000e+00, 0.000000000000000e+00, 1.000000000000000e-10, 2.000001450305288e+05
178, 7.700560000000000e-05, 1.579703200000000e-03, 1.946210609918493e+00, 0.000000000000000e+00, 0.000000000000000e+00, 1.000000000000000e-10, 2.000000101908242e+05
179, 0.000000000000000e+00, 0.000000000000000e+00, 1.964255558739090e+00, 0.000000000000000e+00, 0.000000000000000e+00, 1.000000000000000e-10, 2.000000001040736e+05
180, 7.700560000000000e-05, -1.667235000000000e-03, 1.969675596935864e+00, 0.000000000000000e+00, 0.000000000000000e+00, 1.000000000000000e-10, 2.000001790027837e+05
181, 3.079988000000000e-04, -3.332204600000000e-03, 1.969679793323713e+00, 0.000000000000000e+00, 0.000000000000000e+00, 1.000000000000000e-10, 2.000001229232491e+05
182, 6.929085000000000e-04, -4.992778800000000e-03, 1.955866328798072e+00, 0.000000000000000e+00, 0.000000000000000e+00, 1.000000000000000e-10, 1.999998155242437e+05
183, 1.231615900000000e-03, -6.646660300000000e-03, 1.927536622822322e+00, 0.000000000000000e+00, 0.000000000000000e+00, 1.000000000000000e-10, 2.000000876671123e+05
184, 1.923955300000000e-03, -8.291570500000000e-03, 1.886188851341674e+00, 0.000000000000000e+00, 0.000000000000000e+00, 1.000000000000000e-10, 1.999999870655736e+05
185, 2.769713400000000e-03, -9.925256100000000e-03, 1.834290439635115e+00, 0.000000000000000e+00, 0.000000000000000e+00, 1.000000000000000e-10, 1.999999621446309e+05
186, 3.768629600000000e-03, -1.154549460000000e-02, 1.774606919966895e+00, 0.000000000000000e+00, 0.000000000000000e+00, 1.000000000000000e-10, 1.999999140462603e+05
187, 4.920396200000000e-03, -1.315010100000000e-02, 1.709724010803320e+00, 0.000000000000000e+00, 0.000000000000000e+00, 1.000000000000000e-10, 2.000001366456697e+05
188, 6.224658600000000e-03, -1.473693270000000e-02, 1.641798616003183e+00, 0.000000000000000e+00, 0.000000000000000e+00, 1.000000000000000e-10, 1.999999859990739e+05
189, 7.681014900000000e-03, -1.630389550000000e-02, 1.572493086614238e+00, 0.000000000000000e+00, 0.000000000000000e+00, 1.000000000000000e-10, 1.999999886972222e+05
190, 9.289016500000000e-03, -1.784894870000000e-02, 1.503020047559343e+00, 0.000000000000000e+00, 0.000000000000000e+00, 1.000000000000000e-10, 2.000000945506651e+05
191, 1.104816820000000e-02, -1.937011020000000e-02, 1.434230539070437e+00, 0.000000000000000e+00, 0.000000000000000e+00, 1.000000000000000e-10, 2.000000079114252e+05
192, 1.295792820000000e-02, -2.086546120000000e-02, 1.366705867733690e+00, 0.000000000000000e+00, 0.000000000000000e+00, 1.000000000000000e-10, 2.000000010610261e+05
193, 1.501770800000000e-02, -2.233315040000000e-02, 1.300839422328038e+00, 0.000000000000000e+00, 0.000000000000000e+00, 1.000000000000000e-10, 1.999999379115968e+05
194, 1.722687340000000e-02, -2.377139860000000e-02, 1.236898287382956e+00, 0.000000000000000e+00, 0.000000000000000e+00, 1.000000000000000e-10, 2.000000020402256e+05
195, 1.958474370000000e-02, -2.517850190000000e-02, 1.175063638090236e+00, 0.000000000000000e+00, 0.000000000000000e+00, 1.000000000000000e-10, 1.999999898675770e+05
196, 2.209059280000000e-02, -2.655283570000000e-02, 1.115477569175438e+00, 0.000000000000000e+00, 0.000000000000000e+00, 1.000000000000000e-10, 2.000001653795561e+05
197, 2.474364880000000e-02, -2.789285720000000e-02, 1.058395508022825e+00, 0.000000000000000e+00, 0.000000000000000e+00, 1.000000000000000e-10, 1.999999616938310e+05
198, 2.754309450000000e-02, -2.919710880000000e-02, 1.004382851175287e+00, 0.000000000000000e+00, 0.000000000000000e+00, 1.000000000000000e-10, 2.000001453636776e+05
199, 3.048806760000000e-02, -3.046421960000000e-02, 9.530905505275248e-01, 0.000000000000000e+00, 0.000000000000000e+00, 1.000000000000000e-10, 2.000000020652714e+05
200, 3.357766090000000e-02, -3.169290810000000e-02, 9.039084824200949e-01, 0.000000000000000e+00, 0.000000000000000e+00, 1.000000000000000e-10, 1.999999554048348e+05
201, 3.681092280000000e-02, -3.288198340000000e-02, 8.566715261825759e-01, 0.000000000000000e+00, 0.000000000000000e+00, 1.000000000000000e-10, 1.999998481332983e+05
202, 4.018685740000000e-02, -3.403034660000000e-02, 8.112550536260270e-01, 0.000000000000000e+00, 0.000000000000000e+00, 1.000000000000000e-10, 1.999999423096329e+05
203, 4.370442490000000e-02, -3.513699140000000e-02, 7.675888854576164e-01, 0.000000000000000e+00, 0.000000000000000e+00, 1.000000000000000e-10, 1.999998870719309e+05
204, 4.736254170000000e-02, -3.620100490000000e-02, 7.256894421388639e-01, 0.000000000000000e+00, 0.000000000000000e+00, 1.000000000000000e-10, 1.999998946791255e+05
205, 5.116008100000000e-02, -3.722156740000000e-02, 6.855265061668803e-01, 0.000000000000000e+00, 0.000000000000000e+00, 1.000000000000000e-10, 2.000000041119787e+05
206, 5.509587320000000e-02, -3.819795270000000e-02, 6.471049833359150e-01, 0.000000000000000e+00, 0.000000000000000e+00, 1.000000000000000e-10, 1.999999620782765e+05
207, 5.916870580000000e-02, -3.912952690000000e-02, 6.104114277249457e-01, 0.000000000000000e+00, 0.000000000000000e+00, 1.000000000000000e-10, 1.999999974503864e+05
208, 6.337732450000000e-02, -4.001574810000000e-02, 5.754005870197160e-01, 0.000000000000000e+00, 0.000000000000000e+00, 1.000000000000000e-10, 1.999999580576403e+05
209, 6.772043279999999e-02, -4.085616510000000e-02, 5.420098299202289e-01, 0.000000000000000e+00, 0.000000000000000e+00, 1.000000000000000e-10, 1.999999867990838e+05
210, 7.219669290000000e-02, -4.165041570000000e-02, 5.101747984362325e-01, 0.000000000000000e+00, 0.000000000000000e+00, 1.000000000000000e-10, 2.000000122144295e+05
211, 7.680472620000001e-02, -4.239822540000000e-02, 4.798367132990657e-01, 0.000000000000000e+00, 0.000000000000000e+00, 1.000000000000000e-10, 1.999999885786225e+05
212, 8.154311309999999e-02, -4.309940530000000e-02, 4.509500069619233e-01, 0.000000000000000e+00, 0.000000000000000e+00, 1.000000000000000e-10, 1.999999238255059e+05
213, 8.641039420000000e-02, -4.375385010000000e-02, 4.234652815662923e-01, 0.000000000000000e+00, 0.000000000000000e+00, 1.000000000000000e-10, 2.000001276500484e+05
214, 9.140507019999999e-02, -4.436153530000000e-02, 3.973077744346100e-01, 0.000000000000000e+00, 0.000000000000000e+00, 1.000000000000000e-10, 1.999999445744930e+05
215, 9.652560270000000e-02, -4.492251530000000e-02, 3.723959664228377e-01, 0.000000000000000e+00, 0.000000000000000e+00, 1.000000000000000e-10, 1.999998792216461e+05
216, 1.017704144000000e-01, -4.543692030000000e-02, 3.486648356593359e-01, 0.000000000000000e+00, 0.000000000000000e+00, 1.000000000000000e-10, 1.999998890544514e+05
217, 1.071378898000000e-01, -4.590495380000000e-02, 3.260643513923007e-01, 0.000000000000000e+00, 0.000000000000000e+00, 1.000000000000000e-10, 1.999999902184303e+05
218, 1.126263756000000e-01, -4.632688920000000e-02, 3.045596412496395e-01, 0.000000000000000e+00, 0.000000000000000e+00, 1.000000000000000e-10, 2.000001177021481e+05
219, 1.182341812000000e-01, -4.670306740000000e-02, 2.841120099310376e-01, 0.000000000000000e+00, 0.000000000000000e+00, 1.000000000000000e-10, 2.000001232148421e+05
220, 1.239595793000000e-01, -4.703389340000000e-02, 2.646625573209412e-01, 0.000000000000000e+00, 0.000000000000000e+00, 1.000000000000000e-10, 1.999999384243871e+05
221, 1.298008063000000e-01, -4.731983320000000e-02, 2.461511267304863e-01, 0.000000000000000e+00, 0.000000000000000e+00, 1.000000000000000e-10, 2.000000563831962e+05
222, 1.357560630000000e-01, -4.756141080000000e-02, 2.285326260607490e-01, 0.000000000000000e+00, 0.000000000000000e+00, 1.000000000000000e-10, 1.999999617422273e+05
223, 1.418235151000000e-01, -4.775920510000000e-02, 2.117764111205560e-01, 0.000000000000000e+00, 0.000000000000000e+00, 1.000000000000000e-10, 2.000000289988354e+05
224, 1.480012937000000e-01, -4.791384640000000e-02, 1.958541937563943e-01, 0.000000000000000e+00, 0.000000000000000e+00, 1.000000000000000e-10, 1.999999847754275e+05
225, 1.542874957000000e-01, -4.802601390000000e-02, 1.807280571997115e-01, 0.000000000000000e+00, 0.000000000000000e+00, 1.000000000000000e-10, 2.000001317007489e+05
226, 1.606801851000000e-01, -4.809643210000000e-02, 1.663551894595791e-01, 0.000000000000000e+00, 0.000000000000000e+00, 1.000000000000000e-10, 1.999999982716332e+05
227, 1.671773925000000e-01, -4.812586840000000e-02, 1.527067705697182e-01, 0.000000000000000e+00, 0.000000000000000e+00, 1.000000000000000e-10, 1.999999925526247e+05
228, 1.737771169000000e-01, -4.811512960000000e-02, 1.397665831495742e-01, 0.000000000000000e+00, 0.000000000000000e+00, 1.000000000000000e-10, 2.000000194452287e+05
229, 1.804773253000000e-01, -4.806505940000000e-02, 1.274886729152825e-01, 0.000000000000000e+00, 0.000000000000000e+00, 1.000000000000000e-10, 1.999999193483979e+05
230, 1.872759538000000e-01, -4.797653580000000e-02, 1.158207422393530e-01, 0.000000000000000e+00, 0.000000000000000e+00, 1.000000000000000e-10, 1.999998904568244e+05
231, 1.941709085000000e-01, -4.785046810000000e-02, 1.047459025499224e-01, 0.000000000000000e+00, 0.000000000000000e+00, 1.000000000000000e-10, 1.999999293201030e+05
232, 2.011600654000000e-01, -4.768779460000000e-02, 9.425951714564496e-02, 0.000000000000000e+00, 0.000000000000000e+00, 1.000000000000000e-10, 1.999998196705310e+05
233, 2.082412717000000e-01, -4.748948030000000e-02, 8.435836330439114e-02, 0.000000000000000e+00, 0.000000000000000e+00, 1.000000000000000e-10, 1.999999880903642e+05
234, 2.154123463000000e-01, -4.725651430000000e-02, 7.500438485517295e-02, 0.000000000000000e+00, 0.000000000000000e+00, 1.000000000000000e-10, 1.999998964636776e+05
235, 2.226710803000000e-01, -4.698990780000000e-02, 6.614545395318144e-02, 0.000000000000000e+00, 0.000000000000000e+00, 1.000000000000000e-10, 2.000000631556471e+05
236, 2.300152379000000e-01, -4.669069210000000e-02, 5.777059267994900e-02, 0.000000000000000e+00, 0.000000000000000e+00, 1.000000000000000e-10, 2.000001040876187e+05
237, 2.374425569000000e-01, -4.635991640000000e-02, 4.987323687619576e-02, 0.000000000000000e+00, 0.000000000000000e+00, 1.000000000000000e-10, 1.999998917224824e+05
238, 2.449507495000000e-01, -4.599864630000000e-02, 4.243624768587549e-02, 0.000000000000000e+00, 0.000000000000000e+00, 1.000000000000000e-10, 2.000000111751799e+05
239, 2.525375031000000e-01, -4.560796170000000e-02, 3.544602950093709e-02, 0.000000000000000e+00, 0.000000000000000e+00, 1.000000000000000e-10, 2.000001694903713e+05
240, 2.602004806000000e-01, -4.518895540000000e-02, 2.889246065368650e-02, 0.000000000000000e+00, 0.000000000000000e+00, 1.000000000000000e-10, 2.000001517359962e+05
241, 2.679373219000000e-01, -4.474273140000000e-02, 2.275712399240506e-02, 0.000000000000000e+00, 0.000000000000000e+00, 1.000000000000000e-10, 1.999999242487017e+05
242, 2.757456436000000e-01, -4.427040380000000e-02, 1.700928386177685e-02, 0.000000000000000e+00, 0.000000000000000e+00, 1.000000000000000e-10, 2.000001205978807e+05
243, 2.836230408000000e-01, -4.377309480000000e-02, 1.159904406422662e-02, 0.000000000000000e+00, 0.000000000000000e+00, 1.000000000000000e-10, 1.999999913260302e+05
244, 2.915670870000000e-01, -4.325193390000000e-02, 6.457178926794468e-03, 0.000000000000000e+00, 0.000000000000000e+00, 1.000000000000000e-10, 2.000000881236180e+05
245, 2.995753352000000e-01, -4.270805660000000e-02, 1.546032809082517e-03, 0.000000000000000e+00, 0.000000000000000e+00, 1.000000000000000e-10, 2.000001059825360e+05
246, 3.076453187000000e-01, -4.214260290000000e-02, -2.987346197746584e-03, 0.000000000000000e+00, 0.000000000000000e+00, 1.000000000000000e-10, 1.999999138479228e+05
247, 3.157745518000000e-01, -4.155671670000000e-02, -7.386713216802474e-03, 0.000000000000000e+00, 0.000000000000000e+00, 1.000000000000000e-10, 2.000001461720919e+05
248, 3.239605305000000e-01, -4.095154390000000e-02, -1.151072681076758e-02, 0.000000000000000e+00, 0.000000000000000e+00, 1.000000000000000e-10, 2.000000135790812e+05
249, 3.322007333000000e-01, -4.032823230000000e-02, -1.521242947535001e-02, 0.000000000000000e+00, 0.000000000000000e+00, 1.000000000000000e-10, 1.999998550225860e+05
250, 3.404926221000000e-01, -3.968792970000000e-02, -1.855145562269330e-02, 0.000000000000000e+00, 0.000000000000000e+00, 1.000000000000000e-10, 2.000000179108308e+05
251, 3.488336428000000e-01, -3.903178310000000e-02, -2.156252709306736e-02, 0.000000000000000e+00, 0.000000000000000e+00, 1.000000000000000e-10, 2.000000202751907e+05
252, 3.572212261000000e-01, -3.836093800000000e-02, -2.426743099276663e-02, 0.000000000000000e+00, 0.000000000000000e+00, 1.000000000000000e-10, 1.999999327167950e+05
253, 3.656527885000000e-01, -3.767653680000000e-02, -2.668518381801746e-02, 0.000000000000000e+00, 0.000000000000000e+00, 1.000000000000000e-10, 2.000000292124368e+05
254, 3.741257329000000e-01, -3.697971800000000e-02, -2.883361433851327e-02, 0.000000000000000e+00, 0.000000000000000e+00, 1.000000000000000e-10, 1.999999610095890e+05
255, 3.826374494000000e-01, -3.627161510000000e-02, -3.072213378615660e-02, 0.000000000000000e+00, 0.000000000000000e+00, 1.000000000000000e-10, 1.999999543822501e+05
256, 3.911853162000000e-01, -3.555335560000000e-02, -3.236208349719788e-02, 0.000000000000000e+00, 0.000000000000000e+00, 1.000000000000000e-10, 1.999999980584898e+05
257, 3.997667003000000e-01, -3.482605930000000e-02, -3.376522692484957e-02, 0.000000000000000e+00, 0.000000000000000e+00, 1.000000000000000e-10, 1.999999120272671e+05
258, 4.083789586000000e-01, -3.409083800000000e-02, -3.493959536286995e-02, 0.000000000000000e+00, 0.000000000000000e+00, 1.000000000000000e-10, 2.000000798471058e+05
259, 4.170194383000000e-01, -3.334879340000000e-02, -3.588529077175992e-02, 0.000000000000000e+00, 0.000000000000000e+00, 1.000000000000000e-10, 1.999998893382933e+05
260, 4.256854778000000e-01, -3.260101650000000e-02, -3.660795729885646e-02, 0.000000000000000e+00, 0.000000000000000e+00, 1.000000000000000e-10, 2.000000565635885e+05
261, 4.343744079000000e-01, -3.184858590000000e-02, -3.712086536025973e-02, 0.000000000000000e+00, 0.000000000000000e+00, 1.000000000000000e-10, 1.999999745460208e+05
262, 4.430835521000000e-01, -3.109256680000000e-02, -3.742881221961841e-02, 0.000000000000000e+00, 0.000000000000000e+00, 1.000000000000000e-10, 2.000001502833952e+05
263, 4.518102279000000e-01, -3.033400920000000e-02, -3.753631525958054e-02, 0.000000000000000e+00, 0.000000000000000e+00, 1.000000000000000e-10, 1.999999352448091e+05
264, 4.605517472000000e-01, -2.957394720000000e-02, -3.744833815258639e-02, 0.000000000000000e+00, 0.000000000000000e+00, 1.000000000000000e-10, 2.000000131897156e+05
265, 4.693054175000000e-01, -2.881339690000000e-02, -3.717032968084969e-02, 0.000000000000000e+00, 0.000000000000000e+00, 1.000000000000000e-10, 2.000001486778407e+05
266, 4.780685424000000e-01, -2.805335520000000e-02, -3.670788140568226e-02, 0.000000000000000e+00, 0.000000000000000e+00, 1.000000000000000e-10, 1.999999929509833e+05
267, 4.868384227000000e-01, -2.729479870000000e-02, -3.606669222313106e-02, 0.000000000000000e+00, 0.000000000000000e+00, 1.000000000000000e-10, 1.999998905557593e+05
268, 4.956123571000000e-01, -2.653868180000000e-02, -3.525291124075406e-02, 0.000000000000000e+00, 0.000000000000000e+00, 1.000000000000000e-10, 2.000000753812913e+05
269, 5.043876429000000e-01, -2.578593520000000e-02, -3.427476829084313e-02, 0.000000000000000e+00, 0.000000000000000e+00, 1.000000000000000e-10, 2.000000639627962e+05
270, 5.131615773000000e-01, -2.503746490000000e-02, -3.313428704331461e-02, 0.000000000000000e+00, 0.000000000000000e+00, 1.000000000000000e-10, 2.000001296828345e+05
271, 5.219314576000000e-01, -2.429415040000000e-02, -3.183198054979753e-02, 0.000000000000000e+00, 0.000000000000000e+00, 1.000000000000000e-10, 1.999999263586172e+05
272, 5.306945825000000e-01, -2.355684340000000e-02, -3.037851942388905e-02, 0.000000000000000e+00, 0.000000000000000e+00, 1.000000000000000e-10, 1.999999347435095e+05
273, 5.394482528000000e-01, -2.282636640000000e-02, -2.878159635188243e-02, 0.000000000000000e+00, 0.000000000000000e+00, 1.000000000000000e-10, 2.000001999511282e+05
274, 5.481897721000000e-01, -2.210351120000000e-02, -2.704471404261016e-02, 0.000000000000000e+00, 0.000000000000000e+00, 1.000000000000000e-10, 2.000001835658229e+05
275, 5.569164478999999e-01, -2.138903790000000e-02, -2.517380775017052e-02, 0.000000000000000e+00, 0.000000000000000e+00, 1.000000000000000e-10, 2.000001583941069e+05
276, 5.656255921000000e-01, -2.068367340000000e-02, -2.317451798832614e-02, 0.000000000000000e+00, 0.000000000000000e+00, 1.000000000000000e-10, 1.999999486460879e+05
277, 5.743145222000000e-01, -1.998811060000000e-02, -2.105476459659554e-02, 0.000000000000000e+00, 0.000000000000000e+00, 1.000000000000000e-10, 2.000000404072711e+05
278, 5.829805617000000e-01, -1.930300660000000e-02, -1.882022772532311e-02, 0.000000000000000e+00, 0.000000000000000e+00, 1.000000000000000e-10, 2.000000428090637e+05
279, 5.916210414000000e-01, -1.862898240000000e-02, -1.647316972187848e-02, 0.000000000000000e+00, 0.000000000000000e+00, 1.000000000000000e-10, 2.000000433178682e+05
280, 6.002332996999999e-01, -1.796662180000000e-02, -1.402138853563942e-02, 0.000000000000000e+00, 0.000000000000000e+00, 1.000000000000000e-10, 2.000000681996365e+05
281, 6.088146838000000e-01, -1.731647020000000e-02, -1.147563043478450e-02, 0.000000000000000e+00, 0.000000000000000e+00, 1.000000000000000e-10, 1.999999625113030e+05
282, 6.173625506000000e-01, -1.667903450000000e-02, -8.842686867982660e-03, 0.000000000000000e+00, 0.000000000000000e+00, 1.000000000000000e-10, 1.999999878101960e+05
283, 6.258742671000000e-01, -1.605478210000000e-02, -6.113633867094848e-03, 0.000000000000000e+00, 0.000000000000000e+00, 1.000000000000000e-10, 2.000002087904580e+05
284, 6.343472115000000e-01, -1.544414040000000e-02, -3.222539116006794e-03, 0.000000000000000e+00, 0.000000000000000e+00, 1.000000000000000e-10, 2.000002658866355e+05
285, 6.427787739000000e-01, -1.484749670000000e-02, -1.672524380449497e-04, 0.000000000000000e+00, 0.000000000000000e+00, 1.000000000000000e-10, 2.000000321038481e+05
286, 6.511663572000000e-01, -1.426519800000000e-02, 3.084230596601947e-03, 0.000000000000000e+00, 0.000000000000000e+00, 1.000000000000000e-10, 2.000001551712319e+05
287, 6.595073779000000e-01, -1.369755060000000e-02, 6.449714172507169e-03, 0.000000000000000e+00, 0.000000000000000e+00, 1.000000000000000e-10, 2.000001319850253e+05
288, 6.677992667000000e-01, -1.314482050000000e-02, 9.720792115006342e-03, 0.000000000000000e+00, 0.000000000000000e+00, 1.000000000000000e-10, 2.000002088218007e+05
289, 6.760394695000000e-01, -1.260723320000000e-02, 1.296698060455017e-02, 0.000000000000000e+00, 0.000000000000000e+00, 1.000000000000000e-10, 2.000000796799427e+05
290, 6.842254482000000e-01, -1.208497460000000e-02, 1.624310506238411e-02, 0.000000000000000e+00, 0.000000000000000e+00, 1.000000000000000e-10, 2.000000423272776e+05
291, 6.923546813000000e-01, -1.157819090000000e-02, 1.954719692218165e-02, 0.000000000000000e+00, 0.000000000000000e+00, 1.000000000000000e-10, 1.999999763662997e+05
292, 7.004246648000000e-01, -1.108698950000000e-02, 2.286808992359078e-02, 0.000000000000000e+00, 0.000000000000000e+00, 1.000000000000000e-10, 1.999999925521848e+05
293, 7.084329130000000e-01, -1.061143960000000e-02, 2.619327306461232e-02, 0.000000000000000e+00, 0.000000000000000e+00, 1.000000000000000e-10, 2.000001842243549e+05
294, 7.163769592000000e-01, -1.015157320000000e-02, 2.951938489139458e-02, 0.000000000000000e+00, 0.000000000000000e+00, 1.000000000000000e-10, 2.000002873390664e+05
295, 7.242543564000000e-01, -9.707385799999999e-03, 3.284654212011510e-02, 0.000000000000000e+00, 0.000000000000000e+00, 1.000000000000000e-10, 2.000000205578364e+05
296, 7.320626781000000e-01, -9.278837999999999e-03, 3.617472626864315e-02, 0.000000000000000e+00, 0.000000000000000e+00, 1.000000000000000e-10, 2.000000868565818e+05
297, 7.397995194000000e-01, -8.865856100000000e-03, 3.949643790707349e-02, 0.000000000000000e+00, 0.000000000000000e+00, 1.000000000000000e-10, 2.000000628508843e+05
298, 7.474624969000000e-01, -8.468333999999999e-03, 4.280313092902194e-02, 0.000000000000000e+00, 0.000000000000000e+00, 1.000000000000000e-10, 2.000000763575486e+05
299, 7.550492505000000e-01, -8.086134199999999e-03, 4.610231173044690e-02, 0.000000000000000e+00, 0.000000000000000e+00, 1.000000000000000e-10, 2.000000931642919e+05
300, 7.625574431000000e-01, -7.719089300000000e-03, 4.938579722158033e-02, 0.000000000000000e+00, 0.000000000000000e+00, 1.000000000000000e-10, 2.000000554311192e+05
301, 7.699847621000000e-01, -7.367004000000000e-03, 5.264554883588085e-02, 0.000000000000000e+00, 0.000000000000000e+00, 1.000000000000000e-10, 1.999999410765952e+05
302, 7.773289197000000e-01, -7.029656500000000e-03, 5.587646528994626e-02, 0.000000000000000e+00, 0.000000000000000e+00, 1.000000000000000e-10, 2.000001411102650e+05
303, 7.845876537000001e-01, -6.706799900000000e-03, 5.907185279911234e-02, 0.000000000000000e+00, 0.000000000000000e+00, 1.000000000000000e-10, 2.000002163816395e+05
304, 7.917587283000000e-01, -6.398164600000000e-03, 6.223065375646023e-02, 0.000000000000000e+00, 0.000000000000000e+00, 1.000000000000000e-10, 2.000001683778171e+05
305, 7.988399346000000e-01, -6.103459700000000e-03, 6.534866857863383e-02, 0.000000000000000e+00, 0.000000000000000e+00, 1.000000000000000e-10, 1.999999936865491e+05
306, 8.058290915000000e-01, -5.822375100000000e-03, 6.841794811685174e-02, 0.000000000000000e+00, 0.000000000000000e+00, 1.000000000000000e-10, 2.000000927052659e+05
307, 8.127240462000000e-01, -5.554583100000000e-03, 7.143703613445521e-02, 0.000000000000000e+00, 0.000000000000000e+00, 1.000000000000000e-10, 2.000000779315172e+05
308, 8.195226747000000e-01, -5.299740400000000e-03, 7.440189145481001e-02, 0.000000000000000e+00, 0.000000000000000e+00, 1.000000000000000e-10, 1.999999497950615e+05
309, 8.262228831000000e-01, -5.057490200000000e-03, 7.730768969541252e-02, 0.000000000000000e+00, 0.000000000000000e+00, 1.000000000000000e-10, 2.000001340214069e+05
310, 8.328226075000000e-01, -4.827463600000000e-03, 8.015289790100481e-02, 0.000000000000000e+00, 0.000000000000000e+00, 1.000000000000000e-10, 2.000000583391105e+05
311, 8.393198149000000e-01, -4.609282100000000e-03, 8.293733270294280e-02, 0.000000000000000e+00, 0.000000000000000e+00, 1.000000000000000e-10, 2.000001252105789e+05
312, 8.457125043000000e-01, -4.402558900000000e-03, 8.565102781798319e-02, 0.000000000000000e+00, 0.000000000000000e+00, 1.000000000000000e-10, 2.000001922272339e+05
313, 8.519987063000000e-01, -4.206900700000000e-03, 8.829264787923757e-02, 0.000000000000000e+00, 0.000000000000000e+00, 1.000000000000000e-10, 2.000000601831000e+05
314, 8.581764849000000e-01, -4.021910100000000e-03, 9.086193238792538e-02, 0.000000000000000e+00, 0.000000000000000e+00, 1.000000000000000e-10, 2.000001925954059e+05
315, 8.642439370000000e-01, -3.847186300000000e-03, 9.335333818468904e-02, 0.000000000000000e+00, 0.000000000000000e+00, 1.000000000000000e-10, 2.000000052797310e+05
316, 8.701991937000000e-01, -3.682327600000000e-03, 9.576539599647237e-02, 0.000000000000000e+00, 0.000000000000000e+00, 1.000000000000000e-10, 1.999999327777437e+05
317, 8.760404207000000e-01, -3.526932600000000e-03, 9.809828196845927e-02, 0.000000000000000e+00, 0.000000000000000e+00, 1.000000000000000e-10, 2.000000306062514e+05
318, 8.817658188000000e-01, -3.380601600000000e-03, 1.003540671025672e-01, 0.000000000000000e+00, 0.000000000000000e+00, 1.000000000000000e-10, 1.999999219493847e+05
319, 8.873736244000000e-01, -3.242938200000000e-03, 1.025322373884318e-01, 0.000000000000000e+00, 0.000000000000000e+00, 1.000000000000000e-10, 2.000000550972602e+05
320, 8.928621101999999e-01, -3.113550600000000e-03, 1.046302178032876e-01, 0.000000000000000e+00, 0.000000000000000e+00, 1.000000000000000e-10, 2.000000672836647e+05
321, 8.982295856000000e-01, -2.992052600000000e-03, 1.066473522242727e-01, 0.000000000000000e+00, 0.000000000000000e+00, 1.000000000000000e-10, 1.999999992519267e+05
322, 9.034743973000000e-01, -2.878065300000000e-03, 1.085826922646587e-01, 0.000000000000000e+00, 0.000000000000000e+00, 1.000000000000000e-10, 2.000000860123429e+05
323, 9.085949298000000e-01, -2.771217500000000e-03, 1.104377906057965e-01, 0.000000000000000e+00, 0.000000000000000e+00, 1.000000000000000e-10, 1.999999699029654e+05
324, 9.135896058000000e-01, -2.671147100000000e-03, 1.122135544896701e-01, 0.000000000000000e+00, 0.000000000000000e+00, 1.000000000000000e-10, 2.000000870497239e+05
325, 9.184568869000000e-01, -2.577501700000000e-03, 1.139086940982189e-01, 0.000000000000000e+00, 0.000000000000000e+00, 1.000000000000000e-10, 1.999998722809191e+05
326, 9.231952738000000e-01, -2.489939800000000e-03, 1.155230744876420e-01, 0.000000000000000e+00, 0.000000000000000e+00, 1.000000000000000e-10, 1.999999657675314e+05
327, 9.278033071000000e-01, -2.408130700000000e-03, 1.170570991031274e-01, 0.000000000000000e+00, 0.000000000000000e+00, 1.000000000000000e-10, 1.999999984386797e+05
328, 9.322795672000000e-01, -2.331755800000000e-03, 1.185111148662577e-01, 0.000000000000000e+00, 0.000000000000000e+00, 1.000000000000000e-10, 1.999999997051000e+05
329, 9.366226755000000e-01, -2.260508700000000e-03, 1.198860368999741e-01, 0.000000000000000e+00, 0.000000000000000e+00, 1.000000000000000e-10, 2.000000038606776e+05
330, 9.408312942000000e-01, -2.194095800000000e-03, 1.211831116619428e-01, 0.000000000000000e+00, 0.000000000000000e+00, 1.000000000000000e-10, 2.000000458401340e+05
331, 9.449041268000000e-01, -2.132236100000000e-03, 1.224027384842672e-01, 0.000000000000000e+00, 0.000000000000000e+00, 1.000000000000000e-10, 2.000001432691858e+05
332, 9.488399190000000e-01, -2.074662000000000e-03, 1.235450203033162e-01, 0.000000000000000e+00, 0.000000000000000e+00, 1.000000000000000e-10, 1.999999303286668e+05
333, 9.526374583000000e-01, -2.021119300000000e-03, 1.246099774321264e-01, 0.000000000000000e+00, 0.000000000000000e+00, 1.000000000000000e-10, 2.000000272952347e+05
334, 9.562955751000000e-01, -1.971366900000000e-03, 1.255977214399066e-01, 0.000000000000000e+00, 0.000000000000000e+00, 1.000000000000000e-10, 2.000000612632090e+05
335, 9.598131425999999e-01, -1.925177000000000e-03, 1.265076357459335e-01, 0.000000000000000e+00, 0.000000000000000e+00, 1.000000000000000e-10, 2.000000545221478e+05
336, 9.631890772000000e-01, -1.882335000000000e-03, 1.273373155880936e-01, 0.000000000000000e+00, 0.000000000000000e+00, 1.000000000000000e-10, 2.000000227333629e+05
337, 9.664223391000000e-01, -1.842639500000000e-03, 1.280831947548277e-01, 0.000000000000000e+00, 0.000000000000000e+00, 1.000000000000000e-10, 1.999999853083498e+05
338, 9.695119324000000e-01, -1.805901600000000e-03, 1.287411042180096e-01, 0.000000000000000e+00, 0.000000000000000e+00, 1.000000000000000e-10, 1.999999601100175e+05
339, 9.724569055000000e-01, -1.771945300000000e-03, 1.293056676631605e-01, 0.000000000000000e+00, 0.000000000000000e+00, 1.000000000000000e-10, 1.999999680046669e+05
340, 9.752563512000000e-01, -1.740606600000000e-03, 1.297678024322783e-01, 0.000000000000000e+00, 0.000000000000000e+00, 1.000000000000000e-10, 2.000000193051852e+05
341, 9.779094072000000e-01, -1.711733400000000e-03, 1.301125595962303e-01, 0.000000000000000e+00, 0.000000000000000e+00, 1.000000000000000e-10, 1.999999257196211e+05
342, 9.804152563000000e-01, -1.685185300000000e-03, 1.303139855480906e-01, 0.000000000000000e+00, 0.000000000000000e+00, 1.000000000000000e-10, 1.999999021075357e+05
343, 9.827731266000000e-01, -1.660832900000000e-03, 1.303261227056811e-01, 0.000000000000000e+00, 0.000000000000000e+00, 1.000000000000000e-10, 2.000001559907079e+05
344, 9.849822920000000e-01, -1.638557400000000e-03, 1.300527897897868e-01, 0.000000000000000e+00, 0.000000000000000e+00, 1.000000000000000e-10, 2.000001041730090e+05
345, 9.870420718000000e-01, -1.618250400000000e-03, 1.292429513473687e-01, 0.000000000000000e+00, 0.000000000000000e+00, 1.000000000000000e-10, 1.999999503953672e+05
346, 9.889518318000000e-01, -1.599813400000000e-03, 1.271559191819979e-01, 0.000000000000000e+00, 0.000000000000000e+00, 1.000000000000000e-10, 1.999999056248278e+05
347, 9.907109835000000e-01, -1.583157200000000e-03, 1.218416309868663e-01, 0.000000000000000e+00, 0.000000000000000e+00, 1.000000000000000e-10, 1.999999762052931e+05
348, 9.923189851000001e-01, -1.568201600000000e-03, 1.101553104739167e-01, 0.000000000000000e+00, 0.000000000000000e+00, 1.000000000000000e-10, 2.000001660820397e+05
349, 9.937753414000000e-01, -1.554874800000000e-03, 8.927212701285615e-02, 0.000000000000000e+00, 0.000000000000000e+00, 1.000000000000000e-10, 2.000000842142261e+05
350, 9.950796038000000e-01, -1.543113400000000e-03, 5.642928213093218e-02, 0.000000000000000e+00, 0.000000000000000e+00, 1.000000000000000e-10, 1.999999352717722e+05
351, 9.962313704000000e-01, -1.532861700000000e-03, 1.158085655505066e-02, 0.000000000000000e+00, 0.000000000000000e+00, 1.000000000000000e-10, 1.999999234928999e+05
352, 9.972302866000000e-01, -1.524071500000000e-03, -3.893363365294390e-02, 0.000000000000000e+00, 0.000000000000000e+00, 1.000000000000000e-10, 2.000000509706446e+05
353, 9.980760447000000e-01, -1.516701400000000e-03, -8.401628063220806e-02, 0.000000000000000e+00, 0.000000000000000e+00, 1.000000000000000e-10, 1.999999247025414e+05
354, 9.987683841000000e-01, -1.510717300000000e-03, -1.166951959230092e-01, 0.000000000000000e+00, 0.000000000000000e+00, 1.000000000000000e-10, 1.999999460411793e+05
355, 9.993070915000000e-01, -1.506091400000000e-03, -1.467787704457246e-01, 0.000000000000000e+00, 0.000000000000000e+00, 1.000000000000000e-10, 2.000001126862477e+05
356, 9.996920012000000e-01, -1.502802300000000e-03, -2.383555842885711e-01, 0.000000000000000e+00, 0.000000000000000e+00, 1.000000000000000e-10, 2.000000340624985e+05
357, 9.999229944000000e-01, -1.500834800000000e-03, -6.641660560234824e-01, 0.000000000000000e+00, 0.000000000000000e+00, 1.000000000000000e-10, 1.999999039306369e+05
358, 1.000000000000000e+00, -1.500180000000000e-03, -1.527601568147742e+00, 0.000000000000000e+00, 0.000000000000000e+00, 1.000000000000000e-10, 1.999999477816678e+05
