"PointID","x","y","Pressure","Velocity_x","Velocity_y","Turb_Kin_Energy","Omega","LM_gamma","LM_Re_t"
0, 1.000000000000000e+00, 2.000000000000000e-03, -2.459288427578019e-01, 0.000000000000000e+00, 0.000000000000000e+00, 1.000000000000000e-10, 1.309283782753830e-02, 1.000000000000000e-04, 1.000000000000000e-04
1, 9.996046986000000e-01, 2.050588400000000e-03, -2.596315732343312e-01, 0.000000000000000e+00, 0.000000000000000e+00, 1.000000000000000e-10, 1.309283782753830e-02, 3.169412921267602e-02, 1.931509438411017e+01
2, 9.984194195000000e-01, 2.202151900000000e-03, -2.730427440221483e-01, 0.000000000000000e+00, 0.000000000000000e+00, 1.000000000000000e-10, 1.309283782753830e-02, 1.559342832095264e-01, 9.389311663617148e+01
3, 9.964460369000000e-01, 2.454085600000000e-03, -2.859231182513228e-01, 0.000000000000000e+00, 0.000000000000000e+00, 1.000000000000000e-10, 1.309283782753830e-02, 3.273364907559722e-01, 2.115661626866828e+02
4, 9.936876710000000e-01, 2.805384100000000e-03, -2.980835999659212e-01, 0.000000000000000e+00, 0.000000000000000e+00, 1.000000000000000e-10, 1.309283782753830e-02, 4.854091054004359e-01, 3.503621083456843e+02
5, 9.901486834000000e-01, 3.254644800000000e-03, -3.093816309042115e-01, 0.000000000000000e+00, 0.000000000000000e+00, 1.000000000000000e-10, 1.309283782753830e-02, 5.714064011529294e-01, 4.745608726034250e+02
6, 9.858346700000000e-01, 3.800073000000000e-03, -3.197166179867545e-01, 0.000000000000000e+00, 0.000000000000000e+00, 1.000000000000000e-10, 1.309283782753830e-02, 5.842138395711874e-01, 5.534545072544040e+02
7, 9.807524522000000e-01, 4.439488700000000e-03, -3.290247860011981e-01, 0.000000000000000e+00, 0.000000000000000e+00, 1.000000000000000e-10, 1.309283782753830e-02, 5.577441208032173e-01, 5.793225245538367e+02
8, 9.749100659000000e-01, 5.170333800000000e-03, -3.372737898881150e-01, 0.000000000000000e+00, 0.000000000000000e+00, 1.000000000000000e-10, 1.309283782753830e-02, 5.195903409164011e-01, 5.661064976673308e+02
9, 9.683167491000000e-01, 5.989682100000000e-03, -3.444573538120601e-01, 0.000000000000000e+00, 0.000000000000000e+00, 1.000000000000000e-10, 1.309283782753830e-02, 4.815902592097370e-01, 5.336359478362334e+02
10, 9.609829274000000e-01, 6.894249200000000e-03, -3.505901424863665e-01, 0.000000000000000e+00, 0.000000000000000e+00, 1.000000000000000e-10, 1.309283782753830e-02, 4.469049269297714e-01, 4.958992725440440e+02
11, 9.529201968000000e-01, 7.880404900000000e-03, -3.557030133020003e-01, 0.000000000000000e+00, 0.000000000000000e+00, 1.000000000000000e-10, 1.309283782753830e-02, 4.158823100422087e-01, 4.594210602514635e+02
12, 9.441413064000000e-01, 8.944186000000000e-03, -3.598387453642490e-01, 0.000000000000000e+00, 0.000000000000000e+00, 1.000000000000000e-10, 1.309283782753830e-02, 3.882648729235858e-01, 4.262638146579067e+02
13, 9.346601372000000e-01, 1.008131060000000e-02, -3.630483005259139e-01, 0.000000000000000e+00, 0.000000000000000e+00, 1.000000000000000e-10, 1.309283782753830e-02, 3.637328677458441e-01, 3.967087095983999e+02
14, 9.244916810000000e-01, 1.128719380000000e-02, -3.653876340018634e-01, 0.000000000000000e+00, 0.000000000000000e+00, 1.000000000000000e-10, 1.309283782753830e-02, 3.419962578539313e-01, 3.705326236441483e+02
15, 9.136520163000000e-01, 1.255696410000000e-02, -3.669150460249792e-01, 0.000000000000000e+00, 0.000000000000000e+00, 1.000000000000000e-10, 1.309283782753830e-02, 3.228012884662911e-01, 3.474306384800467e+02
16, 9.021582826000000e-01, 1.388548080000000e-02, -3.676890467530390e-01, 0.000000000000000e+00, 0.000000000000000e+00, 1.000000000000000e-10, 1.309283782753830e-02, 3.059263749695691e-01, 3.271182707611737e+02
17, 8.900286541000000e-01, 1.526735320000000e-02, -3.677666895933702e-01, 0.000000000000000e+00, 0.000000000000000e+00, 1.000000000000000e-10, 1.309283782753830e-02, 2.911782291403278e-01, 3.093469472456088e+02
18, 8.772823101000000e-01, 1.669695950000000e-02, -3.672023224699580e-01, 0.000000000000000e+00, 0.000000000000000e+00, 1.000000000000000e-10, 1.309283782753830e-02, 2.783889215609157e-01, 2.939022153452808e+02
19, 8.639394052000000e-01, 1.816846730000000e-02, -3.660467025533038e-01, 0.000000000000000e+00, 0.000000000000000e+00, 1.000000000000000e-10, 1.309283782753830e-02, 2.674135563515079e-01, 2.806000614811864e+02
20, 8.500210373000000e-01, 1.967585480000000e-02, -3.643464166421066e-01, 0.000000000000000e+00, 0.000000000000000e+00, 1.000000000000000e-10, 1.309283782753830e-02, 2.581284551702633e-01, 2.692838384688387e+02
21, 8.355492141999999e-01, 2.121293260000000e-02, -3.621435535002758e-01, 0.000000000000000e+00, 0.000000000000000e+00, 1.000000000000000e-10, 1.309283782753830e-02, 2.504297067953233e-01, 2.598218960296483e+02
22, 8.205468188000000e-01, 2.277336590000000e-02, -3.594755784663594e-01, 0.000000000000000e+00, 0.000000000000000e+00, 1.000000000000000e-10, 1.309283782753830e-02, 2.442319690823078e-01, 2.521057289460208e+02
23, 8.050375730000000e-01, 2.435069770000000e-02, -3.563753644680749e-01, 0.000000000000000e+00, 0.000000000000000e+00, 1.000000000000000e-10, 1.309283782753830e-02, 2.394675176139482e-01, 2.460485473527536e+02
24, 7.890460001000000e-01, 2.593837210000000e-02, -3.528713396213587e-01, 0.000000000000000e+00, 0.000000000000000e+00, 1.000000000000000e-10, 1.309283782753830e-02, 2.360855298530322e-01, 2.415842064679981e+02
25, 7.725973860999999e-01, 2.752975800000000e-02, -3.489877185038875e-01, 0.000000000000000e+00, 0.000000000000000e+00, 1.000000000000000e-10, 1.309283782753830e-02, 2.340515357131751e-01, 2.386664104953181e+02
26, 7.557177396000000e-01, 2.911817330000000e-02, -3.447447888427889e-01, 0.000000000000000e+00, 0.000000000000000e+00, 1.000000000000000e-10, 1.309283782753830e-02, 2.333470602487022e-01, 2.372681806382473e+02
27, 7.384337506999999e-01, 3.069690890000000e-02, -3.401592319601708e-01, 0.000000000000000e+00, 0.000000000000000e+00, 1.000000000000000e-10, 1.309283782753830e-02, 2.339694130664932e-01, 2.373815365128145e+02
28, 7.207727491000000e-01, 3.225925320000000e-02, -3.352444600804115e-01, 0.000000000000000e+00, 0.000000000000000e+00, 1.000000000000000e-10, 1.309283782753830e-02, 2.359315891402331e-01, 2.390173511229342e+02
29, 7.027626604000000e-01, 3.379851680000000e-02, -3.300109572387363e-01, 0.000000000000000e+00, 0.000000000000000e+00, 1.000000000000000e-10, 1.309283782753830e-02, 2.392623497383972e-01, 2.422054134958063e+02
30, 6.844319623000000e-01, 3.530805620000000e-02, -3.244666176426402e-01, 0.000000000000000e+00, 0.000000000000000e+00, 1.000000000000000e-10, 1.309283782753830e-02, 2.440063449966740e-01, 2.469945845231779e+02
31, 6.658096393000000e-01, 3.678129860000000e-02, -3.186170766471166e-01, 0.000000000000000e+00, 0.000000000000000e+00, 1.000000000000000e-10, 1.309283782753830e-02, 2.502243074274560e-01, 2.534530443759602e+02
32, 6.469251372000000e-01, 3.821176520000000e-02, -3.124660336025933e-01, 0.000000000000000e+00, 0.000000000000000e+00, 1.000000000000000e-10, 1.309283782753830e-02, 2.579932680732288e-01, 2.616685819168300e+02
33, 6.278083162000000e-01, 3.959309550000000e-02, -3.060155685897520e-01, 0.000000000000000e+00, 0.000000000000000e+00, 1.000000000000000e-10, 1.309283782753830e-02, 2.674067579438784e-01, 2.717488785558657e+02
34, 6.084894041000000e-01, 4.091907000000000e-02, -2.992664574496611e-01, 0.000000000000000e+00, 0.000000000000000e+00, 1.000000000000000e-10, 1.309283782753830e-02, 2.785749741892524e-01, 2.838217474828595e+02
35, 5.889989478000000e-01, 4.218363330000000e-02, -2.922184928845121e-01, 0.000000000000000e+00, 0.000000000000000e+00, 1.000000000000000e-10, 1.309283782753830e-02, 2.916248197275086e-01, 2.980352333350895e+02
36, 5.693677660000001e-01, 4.338091580000000e-02, -2.848708205571060e-01, 0.000000000000000e+00, 0.000000000000000e+00, 1.000000000000000e-10, 1.309283782753830e-02, 3.066997702346380e-01, 3.145575101786735e+02
37, 5.496268995000000e-01, 4.450525570000000e-02, -2.772223011053326e-01, 0.000000000000000e+00, 0.000000000000000e+00, 1.000000000000000e-10, 1.309283782753830e-02, 3.239595162570707e-01, 3.335765199576325e+02
38, 5.298075625999999e-01, 4.555121970000000e-02, -2.692719103054518e-01, 0.000000000000000e+00, 0.000000000000000e+00, 1.000000000000000e-10, 1.309283782753830e-02, 3.435794159908291e-01, 3.552993412072807e+02
39, 5.099410938000000e-01, 4.651362250000000e-02, -2.610191942552467e-01, 0.000000000000000e+00, 0.000000000000000e+00, 1.000000000000000e-10, 1.309283782753830e-02, 3.657495032664863e-01, 3.799510716094333e+02
40, 4.900589062000000e-01, 4.738754660000000e-02, -2.524647944834294e-01, 0.000000000000000e+00, 0.000000000000000e+00, 1.000000000000000e-10, 1.309283782753830e-02, 3.906731672696270e-01, 4.077732903929872e+02
41, 4.701924374000000e-01, 4.816835990000000e-02, -2.436110614858196e-01, 0.000000000000000e+00, 0.000000000000000e+00, 1.000000000000000e-10, 1.309283782753830e-02, 4.185654140630631e-01, 4.390220173698798e+02
42, 4.503731005000000e-01, 4.885173350000000e-02, -2.344627765533137e-01, 0.000000000000000e+00, 0.000000000000000e+00, 1.000000000000000e-10, 1.309283782753830e-02, 4.496506774696320e-01, 4.739651180520331e+02
43, 4.306322340000000e-01, 4.943365700000000e-02, -2.250280036420034e-01, 0.000000000000000e+00, 0.000000000000000e+00, 1.000000000000000e-10, 1.309283782753830e-02, 4.841601051474604e-01, 5.128790871084352e+02
44, 4.110010522000000e-01, 4.991045420000000e-02, -2.153190935405662e-01, 0.000000000000000e+00, 0.000000000000000e+00, 1.000000000000000e-10, 1.309283782753830e-02, 5.223283159242260e-01, 5.560451924029998e+02
45, 3.915105959000000e-01, 5.027879660000000e-02, -2.053538624146771e-01, 0.000000000000000e+00, 0.000000000000000e+00, 1.000000000000000e-10, 1.309283782753830e-02, 5.643897763032497e-01, 6.037449164546077e+02
46, 3.721916838000000e-01, 5.053571590000000e-02, -1.951569699351073e-01, 0.000000000000000e+00, 0.000000000000000e+00, 1.000000000000000e-10, 1.309283782753830e-02, 6.105745666702658e-01, 6.562534895188124e+02
47, 3.530748628000000e-01, 5.067861540000000e-02, -1.847615192309247e-01, 0.000000000000000e+00, 0.000000000000000e+00, 1.000000000000000e-10, 1.309283782753830e-02, 6.611037056428148e-01, 7.138260132486137e+02
48, 3.341903607000000e-01, 5.070528010000000e-02, -1.742108999791930e-01, 0.000000000000000e+00, 0.000000000000000e+00, 1.000000000000000e-10, 1.309283782753830e-02, 7.161839638782818e-01, 7.766498792903975e+02
49, 3.155680377000000e-01, 5.061388520000000e-02, -1.635608943421911e-01, 0.000000000000000e+00, 0.000000000000000e+00, 1.000000000000000e-10, 1.309283782753830e-02, 7.760011554811915e-01, 8.446622118439291e+02
50, 2.972373396000000e-01, 5.040300340000000e-02, -1.528820610944348e-01, 0.000000000000000e+00, 0.000000000000000e+00, 1.000000000000000e-10, 1.309283782753830e-02, 8.407059626282853e-01, 9.169289983137073e+02
51, 2.792272509000000e-01, 5.007161070000000e-02, -1.422624071665733e-01, 0.000000000000000e+00, 0.000000000000000e+00, 1.000000000000000e-10, 1.309283782753830e-02, 9.103608721566953e-01, 9.899574605203978e+02
52, 2.615662493000000e-01, 4.961909100000000e-02, -1.318103478740961e-01, 0.000000000000000e+00, 0.000000000000000e+00, 1.000000000000000e-10, 1.309283782753830e-02, 9.847172408947669e-01, 1.054641373750050e+03
53, 2.442822604000000e-01, 4.904523890000000e-02, -1.216579473331353e-01, 0.000000000000000e+00, 0.000000000000000e+00, 1.000000000000000e-10, 1.309283782753830e-02, 1.062178277606759e+00, 1.091842200562572e+03
54, 2.274026139000000e-01, 4.835026130000000e-02, -1.119644174495538e-01, 0.000000000000000e+00, 0.000000000000000e+00, 1.000000000000000e-10, 1.309283782753830e-02, 1.138659490188085e+00, 1.105260321398664e+03
55, 2.109539999000000e-01, 4.753477760000000e-02, -1.029198369547650e-01, 0.000000000000000e+00, 0.000000000000000e+00, 1.000000000000000e-10, 1.309283782753830e-02, 1.213752271751021e+00, 1.118357136056483e+03
56, 1.949624270000000e-01, 4.659981800000000e-02, -9.474903409909283e-02, 0.000000000000000e+00, 0.000000000000000e+00, 1.000000000000000e-10, 1.309283782753830e-02, 1.287239726517656e+00, 1.130432589277169e+03
57, 1.794531812000000e-01, 4.554682090000000e-02, -8.771555308778441e-02, 0.000000000000000e+00, 0.000000000000000e+00, 1.000000000000000e-10, 1.309283782753830e-02, 1.358961810418548e+00, 1.142280260270178e+03
58, 1.644507858000000e-01, 4.437762880000000e-02, -8.212559774035910e-02, 0.000000000000000e+00, 0.000000000000000e+00, 1.000000000000000e-10, 1.309283782753830e-02, 1.428776138733949e+00, 1.153816103368758e+03
59, 1.499789627000000e-01, 4.309448190000000e-02, -7.833181991560900e-02, 0.000000000000000e+00, 0.000000000000000e+00, 1.000000000000000e-10, 1.309283782753830e-02, 1.496561299736883e+00, 1.164987434602362e+03
60, 1.360605948000000e-01, 4.170001150000000e-02, -7.673678654571175e-02, 0.000000000000000e+00, 0.000000000000000e+00, 1.000000000000000e-10, 1.309283782753830e-02, 1.562200089534655e+00, 1.175545671109023e+03
61, 1.227176899000000e-01, 4.019723160000000e-02, -7.779592557510233e-02, 0.000000000000000e+00, 0.000000000000000e+00, 1.000000000000000e-10, 1.309283782753830e-02, 1.625569460330129e+00, 1.184719247278005e+03
62, 1.099713459000000e-01, 3.858952850000000e-02, -8.201972180209462e-02, 0.000000000000000e+00, 0.000000000000000e+00, 1.000000000000000e-10, 1.309283782753830e-02, 1.686456542369941e+00, 1.190307000660368e+03
63, 9.784171740000000e-02, 3.688064990000000e-02, -8.997490001898997e-02, 0.000000000000000e+00, 0.000000000000000e+00, 1.000000000000000e-10, 1.309283782753830e-02, 1.744222384975830e+00, 1.186909652689670e+03
64, 8.634798370000001e-02, 3.507469240000000e-02, -1.022843054601973e-01, 0.000000000000000e+00, 0.000000000000000e+00, 1.000000000000000e-10, 1.309283782753830e-02, 1.796615385452167e+00, 1.163572757300477e+03
65, 7.550831900000000e-02, 3.317608770000000e-02, -1.196251744719348e-01, 0.000000000000000e+00, 0.000000000000000e+00, 1.000000000000000e-10, 1.309283782753830e-02, 1.836548793082868e+00, 1.103151255897797e+03
66, 6.533986280000000e-02, 3.118958770000000e-02, -1.427254812916689e-01, 0.000000000000000e+00, 0.000000000000000e+00, 1.000000000000000e-10, 1.309283782753830e-02, 1.844356650426095e+00, 9.876647223146191e+02
67, 5.585869360000000e-02, 2.912024850000000e-02, -1.723580599935068e-01, 0.000000000000000e+00, 0.000000000000000e+00, 1.000000000000000e-10, 1.309283782753830e-02, 1.783354879080177e+00, 8.150555140317639e+02
68, 4.707980320000000e-02, 2.697341310000000e-02, -2.093322430042749e-01, 0.000000000000000e+00, 0.000000000000000e+00, 1.000000000000000e-10, 1.309283782753830e-02, 1.572267727033504e+00, 6.053987880682698e+02
69, 3.901707260000000e-02, 2.475469350000000e-02, -2.544828402734537e-01, 0.000000000000000e+00, 0.000000000000000e+00, 1.000000000000000e-10, 1.309283782753830e-02, 1.277377398298973e+00, 4.379817369230296e+02
70, 3.168325090000000e-02, 2.246995120000000e-02, -3.086564293132750e-01, 0.000000000000000e+00, 0.000000000000000e+00, 1.000000000000000e-10, 1.309283782753830e-02, 3.641583172240959e-01, 2.249427910190994e+02
71, 2.508993410000000e-02, 2.012527760000000e-02, -1.455940976821894e-01, 0.000000000000000e+00, 0.000000000000000e+00, 1.000000000000000e-10, 8.595624876546674e-04, 9.617906398617522e-01, 7.895871047271436e+02
72, 1.924754780000000e-02, 1.772697280000000e-02, 1.462993562740077e-02, 0.000000000000000e+00, 0.000000000000000e+00, 1.000000000000000e-10, 8.595624876546674e-04, 1.191993918595540e+00, 1.168287487408493e+03
73, 1.416533000000000e-02, 1.528152440000000e-02, 1.724953836333915e-01, 0.000000000000000e+00, 0.000000000000000e+00, 1.000000000000000e-10, 8.595624876546674e-04, 1.311632645883769e+00, 1.633543259567471e+03
74, 9.851316600000000e-03, 1.279558500000000e-02, 3.283313204008806e-01, 0.000000000000000e+00, 0.000000000000000e+00, 1.000000000000000e-10, 8.595624876546674e-04, 1.412898126403469e+00, 2.524931032805087e+03
75, 6.312329000000000e-03, 1.027594930000000e-02, 4.823212232122341e-01, 0.000000000000000e+00, 0.000000000000000e+00, 1.000000000000000e-10, 8.595624876546674e-04, 1.605881589233659e+00, 4.448272923487377e+03
76, 3.553963100000000e-03, 7.729531100000000e-03, 6.345115209260507e-01, 0.000000000000000e+00, 0.000000000000000e+00, 1.000000000000000e-10, 8.595624876546674e-04, 2.047396550872629e+00, 8.228071820545121e+03
77, 1.580580500000000e-03, 5.163339100000000e-03, 7.848285371947238e-01, 0.000000000000000e+00, 0.000000000000000e+00, 1.000000000000000e-10, 8.595624876546674e-04, 2.876131231925691e+00, 1.463584624575878e+04
78, 3.953014000000000e-04, 2.584453300000000e-03, 9.331142039871884e-01, 0.000000000000000e+00, 0.000000000000000e+00, 1.000000000000000e-10, 8.595624876546674e-04, 4.028460900904926e+00, 2.398670950712122e+04
79, 0.000000000000000e+00, 1.300000000000000e-05, 1.079204258450722e+00, 0.000000000000000e+00, 0.000000000000000e+00, 1.000000000000000e-10, 8.650333664725591e-04, 5.000000000000000e+00, 3.664594072906411e+04
80, 3.953014000000000e-04, -2.584453300000000e-03, 9.561989569925401e-01, 0.000000000000000e+00, 0.000000000000000e+00, 1.000000000000000e-10, 8.650333664725591e-04, 4.034015554958188e+00, 2.390872401334335e+04
81, 1.580580500000000e-03, -5.163339100000000e-03, 8.308809716742634e-01, 0.000000000000000e+00, 0.000000000000000e+00, 1.000000000000000e-10, 8.650333664725591e-04, 2.902415315438365e+00, 1.459471004541858e+04
82, 3.553963100000000e-03, -7.729531100000000e-03, 7.032752633001513e-01, 0.000000000000000e+00, 0.000000000000000e+00, 1.000000000000000e-10, 8.650333664725591e-04, 2.097642133991592e+00, 8.224563372506320e+03
83, 6.312329000000000e-03, -1.027594930000000e-02, 5.734165851975245e-01, 0.000000000000000e+00, 0.000000000000000e+00, 1.000000000000000e-10, 8.650333664725591e-04, 1.679957928930094e+00, 4.475982527943620e+03
84, 9.851316600000000e-03, -1.279558500000000e-02, 4.412849911916604e-01, 0.000000000000000e+00, 0.000000000000000e+00, 1.000000000000000e-10, 8.650333664725591e-04, 1.510021639554260e+00, 2.576360566595366e+03
85, 1.416533000000000e-02, -1.528152440000000e-02, 3.067676861151624e-01, 0.000000000000000e+00, 0.000000000000000e+00, 1.000000000000000e-10, 8.650333664725591e-04, 1.432059357010896e+00, 1.703568376819165e+03
86, 1.924754780000000e-02, -1.772697280000000e-02, 1.696394306242446e-01, 0.000000000000000e+00, 0.000000000000000e+00, 1.000000000000000e-10, 8.650333664725591e-04, 1.336480788236965e+00, 1.253348349416274e+03
87, 2.508993410000000e-02, -2.012527760000000e-02, 2.955173383009109e-02, 0.000000000000000e+00, 0.000000000000000e+00, 1.000000000000000e-10, 8.650333664725591e-04, 1.126229675766509e+00, 8.831901421369129e+02
88, 3.168325090000000e-02, -2.246995120000000e-02, -1.139740937130735e-01, 0.000000000000000e+00, 0.000000000000000e+00, 1.000000000000000e-10, 1.309853785441721e-02, 4.872876832840070e-01, 2.974223621920893e+02
89, 3.901707260000000e-02, -2.475469350000000e-02, -5.090106161408459e-02, 0.000000000000000e+00, 0.000000000000000e+00, 1.000000000000000e-10, 1.309853785441721e-02, 1.631568574516503e+00, 5.415612562043483e+02
90, 4.707980320000000e-02, -2.697341310000000e-02, 2.234423656302044e-03, 0.000000000000000e+00, 0.000000000000000e+00, 1.000000000000000e-10, 1.309853785441721e-02, 1.972671114150755e+00, 7.129426360502799e+02
91, 5.585869360000000e-02, -2.912024850000000e-02, 4.631828276541156e-02, 0.000000000000000e+00, 0.000000000000000e+00, 1.000000000000000e-10, 1.309853785441721e-02, 2.229127956635825e+00, 9.209442075453740e+02
92, 6.533986280000000e-02, -3.118958770000000e-02, 8.223360287192363e-02, 0.000000000000000e+00, 0.000000000000000e+00, 1.000000000000000e-10, 1.309853785441721e-02, 2.324309053449432e+00, 1.085034919882464e+03
93, 7.550831900000000e-02, -3.317608770000000e-02, 1.108441224161879e-01, 0.000000000000000e+00, 0.000000000000000e+00, 1.000000000000000e-10, 1.309853785441721e-02, 2.352602572929794e+00, 1.192929079154994e+03
94, 8.634798370000001e-02, -3.507469240000000e-02, 1.329808258672789e-01, 0.000000000000000e+00, 0.000000000000000e+00, 1.000000000000000e-10, 1.309853785441721e-02, 2.350280915434131e+00, 1.249735457745204e+03
95, 9.784171740000000e-02, -3.688064990000000e-02, 1.494315912270223e-01, 0.000000000000000e+00, 0.000000000000000e+00, 1.000000000000000e-10, 1.309853785441721e-02, 2.336197206861331e+00, 1.273520432694635e+03
96, 1.099713459000000e-01, -3.858952850000000e-02, 1.609336844143686e-01, 0.000000000000000e+00, 0.000000000000000e+00, 1.000000000000000e-10, 1.309853785441721e-02, 2.316753772266418e+00, 1.280019452261269e+03
97, 1.227176899000000e-01, -4.019723160000000e-02, 1.681688091988211e-01, 0.000000000000000e+00, 0.000000000000000e+00, 1.000000000000000e-10, 1.309853785441721e-02, 2.293919296853820e+00, 1.278851666418995e+03
98, 1.360605948000000e-01, -4.170001150000000e-02, 1.717603770227306e-01, 0.000000000000000e+00, 0.000000000000000e+00, 1.000000000000000e-10, 1.309853785441721e-02, 2.268225549902827e+00, 1.274606334946620e+03
99, 1.499789627000000e-01, -4.309448190000000e-02, 1.722726469674303e-01, 0.000000000000000e+00, 0.000000000000000e+00, 1.000000000000000e-10, 1.309853785441721e-02, 2.239832320447663e+00, 1.269106751483811e+03
100, 1.644507858000000e-01, -4.437762880000000e-02, 1.702113932920521e-01, 0.000000000000000e+00, 0.000000000000000e+00, 1.000000000000000e-10, 1.309853785441721e-02, 2.208817646533832e+00, 1.262978937327912e+03
101, 1.794531812000000e-01, -4.554682090000000e-02, 1.660257761560309e-01, 0.000000000000000e+00, 0.000000000000000e+00, 1.000000000000000e-10, 1.309853785441721e-02, 2.175247710858401e+00, 1.256418159248508e+03
102, 1.949624270000000e-01, -4.659981800000000e-02, 1.601111204255140e-01, 0.000000000000000e+00, 0.000000000000000e+00, 1.000000000000000e-10, 1.309853785441721e-02, 2.139191844890652e+00, 1.249486883387920e+03
103, 2.109539999000000e-01, -4.753477760000000e-02, 1.528123436103488e-01, 0.000000000000000e+00, 0.000000000000000e+00, 1.000000000000000e-10, 1.309853785441721e-02, 2.100726328608427e+00, 1.242212269371016e+03
104, 2.274026139000000e-01, -4.835026130000000e-02, 1.444278060372177e-01, 0.000000000000000e+00, 0.000000000000000e+00, 1.000000000000000e-10, 1.309853785441721e-02, 2.059936050092290e+00, 1.234613931204055e+03
105, 2.442822604000000e-01, -4.904523890000000e-02, 1.352133929935404e-01, 0.000000000000000e+00, 0.000000000000000e+00, 1.000000000000000e-10, 1.309853785441721e-02, 2.016915523070183e+00, 1.226711054663808e+03
106, 2.615662493000000e-01, -4.961909100000000e-02, 1.253866754797428e-01, 0.000000000000000e+00, 0.000000000000000e+00, 1.000000000000000e-10, 1.309853785441721e-02, 1.971770034905401e+00, 1.218524196776326e+03
107, 2.792272509000000e-01, -5.007161070000000e-02, 1.151310251232205e-01, 0.000000000000000e+00, 0.000000000000000e+00, 1.000000000000000e-10, 1.309853785441721e-02, 1.924616742168415e+00, 1.210075846196870e+03
108, 2.972373396000000e-01, -5.040300340000000e-02, 1.045995883375413e-01, 0.000000000000000e+00, 0.000000000000000e+00, 1.000000000000000e-10, 1.309853785441721e-02, 1.875585583481185e+00, 1.201390694692644e+03
109, 3.155680377000000e-01, -5.061388520000000e-02, 9.391905106029280e-02, 0.000000000000000e+00, 0.000000000000000e+00, 1.000000000000000e-10, 1.309853785441721e-02, 1.824820219663275e+00, 1.192495839080880e+03
110, 3.341903607000000e-01, -5.070528010000000e-02, 8.319314563967228e-02, 0.000000000000000e+00, 0.000000000000000e+00, 1.000000000000000e-10, 1.309853785441721e-02, 1.772478788746646e+00, 1.183420933938909e+03
111, 3.530748628000000e-01, -5.067861540000000e-02, 7.250587051377316e-02, 0.000000000000000e+00, 0.000000000000000e+00, 1.000000000000000e-10, 1.309853785441721e-02, 1.718734470938893e+00, 1.174198297599137e+03
112, 3.721916838000000e-01, -5.053571590000000e-02, 6.192440828036875e-02, 0.000000000000000e+00, 0.000000000000000e+00, 1.000000000000000e-10, 1.309853785441721e-02, 1.663775889001979e+00, 1.164862971419405e+03
113, 3.915105959000000e-01, -5.027879660000000e-02, 5.150173903836745e-02, 0.000000000000000e+00, 0.000000000000000e+00, 1.000000000000000e-10, 1.309853785441721e-02, 1.607807252399867e+00, 1.155452721658361e+03
114, 4.110010522000000e-01, -4.991045420000000e-02, 4.127895509597056e-02, 0.000000000000000e+00, 0.000000000000000e+00, 1.000000000000000e-10, 1.309853785441721e-02, 1.551048134540032e+00, 1.146007968931026e+03
115, 4.306322340000000e-01, -4.943365700000000e-02, 3.128729025754217e-02, 0.000000000000000e+00, 0.000000000000000e+00, 1.000000000000000e-10, 1.309853785441721e-02, 1.493732850616380e+00, 1.136571636900350e+03
116, 4.503731005000000e-01, -4.885173350000000e-02, 2.154988202900371e-02, 0.000000000000000e+00, 0.000000000000000e+00, 1.000000000000000e-10, 1.309853785441721e-02, 1.436109527910822e+00, 1.127188925926622e+03
117, 4.701924374000000e-01, -4.816835990000000e-02, 1.208328717052113e-02, 0.000000000000000e+00, 0.000000000000000e+00, 1.000000000000000e-10, 1.309853785441721e-02, 1.378438788189562e+00, 1.117907006247470e+03
118, 4.900589062000000e-01, -4.738754660000000e-02, 2.898772271513606e-03, 0.000000000000000e+00, 0.000000000000000e+00, 1.000000000000000e-10, 1.309853785441721e-02, 1.320991731002903e+00, 1.108774591675097e+03
119, 5.099410938000000e-01, -4.651362250000000e-02, -5.996595733124226e-03, 0.000000000000000e+00, 0.000000000000000e+00, 1.000000000000000e-10, 1.309853785441721e-02, 1.264047731117060e+00, 1.099841371281635e+03
120, 5.298075625999999e-01, -4.555121970000000e-02, -1.459903739733816e-02, 0.000000000000000e+00, 0.000000000000000e+00, 1.000000000000000e-10, 1.309853785441721e-02, 1.207891745492829e+00, 1.091156374022408e+03
121, 5.496268995000000e-01, -4.450525570000000e-02, -2.290730509548380e-02, 0.000000000000000e+00, 0.000000000000000e+00, 1.000000000000000e-10, 1.309853785441721e-02, 1.152811166868759e+00, 1.082755108914021e+03
122, 5.693677660000001e-01, -4.338091580000000e-02, -3.092206262166829e-02, 0.000000000000000e+00, 0.000000000000000e+00, 1.000000000000000e-10, 1.309853785441721e-02, 1.099092544815156e+00, 1.074537623793958e+03
123, 5.889989478000000e-01, -4.218363330000000e-02, -3.864538092807000e-02, 0.000000000000000e+00, 0.000000000000000e+00, 1.000000000000000e-10, 1.309853785441721e-02, 1.047021525800221e+00, 1.065304577960962e+03
124, 6.084894041000000e-01, -4.091907000000000e-02, -4.608033243622273e-02, 0.000000000000000e+00, 0.000000000000000e+00, 1.000000000000000e-10, 1.309853785441721e-02, 9.969512071816711e-01, 1.046888918050294e+03
125, 6.278083162000000e-01, -3.959309550000000e-02, -5.323067022552145e-02, 0.000000000000000e+00, 0.000000000000000e+00, 1.000000000000000e-10, 1.309853785441721e-02, 9.502878921817389e-01, 1.005610864183066e+03
126, 6.469251372000000e-01, -3.821176520000000e-02, -6.010057639196501e-02, 0.000000000000000e+00, 0.000000000000000e+00, 1.000000000000000e-10, 1.309853785441721e-02, 9.078058970653755e-01, 9.614351076450206e+02
127, 6.658096393000000e-01, -3.678129860000000e-02, -6.669446865370697e-02, 0.000000000000000e+00, 0.000000000000000e+00, 1.000000000000000e-10, 1.309853785441721e-02, 8.694884643638405e-01, 9.204124418029875e+02
128, 6.844319623000000e-01, -3.530805620000000e-02, -7.301685543197993e-02, 0.000000000000000e+00, 0.000000000000000e+00, 1.000000000000000e-10, 1.309853785441721e-02, 8.351801986516506e-01, 8.836945064095062e+02
129, 7.027626604000000e-01, -3.379851680000000e-02, -7.907223127152899e-02, 0.000000000000000e+00, 0.000000000000000e+00, 1.000000000000000e-10, 1.309853785441721e-02, 8.046820259197308e-01, 8.512710443273155e+02
130, 7.207727491000000e-01, -3.225925320000000e-02, -8.486500493894757e-02, 0.000000000000000e+00, 0.000000000000000e+00, 1.000000000000000e-10, 1.309853785441721e-02, 7.777898696465727e-01, 8.229333048272294e+02
131, 7.384337506999999e-01, -3.069690890000000e-02, -9.039945498130419e-02, 0.000000000000000e+00, 0.000000000000000e+00, 1.000000000000000e-10, 1.309853785441721e-02, 7.543063897473341e-01, 7.984548031978051e+02
132, 7.557177396000000e-01, -2.911817330000000e-02, -9.567970852606519e-02, 0.000000000000000e+00, 0.000000000000000e+00, 1.000000000000000e-10, 1.309853785441721e-02, 7.340445933645735e-01, 7.776195842955938e+02
133, 7.725973860999999e-01, -2.752975800000000e-02, -1.007097399798685e-01, 0.000000000000000e+00, 0.000000000000000e+00, 1.000000000000000e-10, 1.309853785441721e-02, 7.168296735867798e-01, 7.602271215336176e+02
134, 7.890460001000000e-01, -2.593837210000000e-02, -1.054933879996485e-01, 0.000000000000000e+00, 0.000000000000000e+00, 1.000000000000000e-10, 1.309853785441721e-02, 7.025000303236221e-01, 7.460937163830828e+02
135, 8.050375730000000e-01, -2.435069770000000e-02, -1.100343872618968e-01, 0.000000000000000e+00, 0.000000000000000e+00, 1.000000000000000e-10, 1.309853785441721e-02, 6.909080280437502e-01, 7.350532313325466e+02
136, 8.205468188000000e-01, -2.277336590000000e-02, -1.143364151222195e-01, 0.000000000000000e+00, 0.000000000000000e+00, 1.000000000000000e-10, 1.309853785441721e-02, 6.819202913301865e-01, 7.269573036114813e+02
137, 8.355492141999999e-01, -2.121293260000000e-02, -1.184031524825090e-01, 0.000000000000000e+00, 0.000000000000000e+00, 1.000000000000000e-10, 1.309853785441721e-02, 6.754176474108826e-01, 7.216751743603086e+02
138, 8.500210373000000e-01, -1.967585480000000e-02, -1.222383579061075e-01, 0.000000000000000e+00, 0.000000000000000e+00, 1.000000000000000e-10, 1.309853785441721e-02, 6.712948637846322e-01, 7.190932775315866e+02
139, 8.639394052000000e-01, -1.816846730000000e-02, -1.258459550771778e-01, 0.000000000000000e+00, 0.000000000000000e+00, 1.000000000000000e-10, 1.309853785441721e-02, 6.694601126519999e-01, 7.191145835845194e+02
140, 8.772823101000000e-01, -1.669695950000000e-02, -1.292301322303719e-01, 0.000000000000000e+00, 0.000000000000000e+00, 1.000000000000000e-10, 1.309853785441721e-02, 6.698343471917771e-01, 7.216578648852843e+02
141, 8.900286541000000e-01, -1.526735320000000e-02, -1.323954528309819e-01, 0.000000000000000e+00, 0.000000000000000e+00, 1.000000000000000e-10, 1.309853785441721e-02, 6.723505834443465e-01, 7.266569118991789e+02
142, 9.021582826000000e-01, -1.388548080000000e-02, -1.353469766004860e-01, 0.000000000000000e+00, 0.000000000000000e+00, 1.000000000000000e-10, 1.309853785441721e-02, 6.769530417417075e-01, 7.340597156415763e+02
143, 9.136520163000000e-01, -1.255696410000000e-02, -1.380903879433998e-01, 0.000000000000000e+00, 0.000000000000000e+00, 1.000000000000000e-10, 1.309853785441721e-02, 6.835963068118445e-01, 7.438277318450972e+02
144, 9.244916810000000e-01, -1.128719380000000e-02, -1.406321280345229e-01, 0.000000000000000e+00, 0.000000000000000e+00, 1.000000000000000e-10, 1.309853785441721e-02, 6.922446345216977e-01, 7.559348165830575e+02
145, 9.346601372000000e-01, -1.008131060000000e-02, -1.429795279179041e-01, 0.000000000000000e+00, 0.000000000000000e+00, 1.000000000000000e-10, 1.309853785441721e-02, 7.028712341297327e-01, 7.703620830702685e+02
146, 9.441413064000000e-01, -8.944186000000000e-03, -1.451409357434220e-01, 0.000000000000000e+00, 0.000000000000000e+00, 1.000000000000000e-10, 1.309853785441721e-02, 7.154577648854633e-01, 7.870690312613420e+02
147, 9.529201968000000e-01, -7.880404900000000e-03, -1.471258298387100e-01, 0.000000000000000e+00, 0.000000000000000e+00, 1.000000000000000e-10, 1.309853785441721e-02, 7.299935825137088e-01, 8.058561431928167e+02
148, 9.609829274000000e-01, -6.894249200000000e-03, -1.489449108046227e-01, 0.000000000000000e+00, 0.000000000000000e+00, 1.000000000000000e-10, 1.309853785441721e-02, 7.464703375289368e-01, 8.258430587587185e+02
149, 9.683167491000000e-01, -5.989682100000000e-03, -1.506101608139943e-01, 0.000000000000000e+00, 0.000000000000000e+00, 1.000000000000000e-10, 1.309853785441721e-02, 7.648631151943462e-01, 8.439572449139689e+02
150, 9.749100659000000e-01, -5.170333800000000e-03, -1.521348578670625e-01, 0.000000000000000e+00, 0.000000000000000e+00, 1.000000000000000e-10, 1.309853785441721e-02, 7.851763452703673e-01, 8.518973427315564e+02
151, 9.807524522000000e-01, -4.439488700000000e-03, -1.535335327462048e-01, 0.000000000000000e+00, 0.000000000000000e+00, 1.000000000000000e-10, 1.309853785441721e-02, 8.083676351180198e-01, 8.330863041941227e+02
152, 9.858346700000000e-01, -3.800073000000000e-03, -1.548218529806498e-01, 0.000000000000000e+00, 0.000000000000000e+00, 1.000000000000000e-10, 1.309853785441721e-02, 8.408317700818840e-01, 7.655477990232980e+02
153, 9.901486834000000e-01, -3.254644800000000e-03, -1.560164201284581e-01, 0.000000000000000e+00, 0.000000000000000e+00, 1.000000000000000e-10, 1.309853785441721e-02, 8.989623671802429e-01, 6.364346247764038e+02
154, 9.936876710000000e-01, -2.805384100000000e-03, -1.571344653136930e-01, 0.000000000000000e+00, 0.000000000000000e+00, 1.000000000000000e-10, 1.309853785441721e-02, 9.695166340730265e-01, 4.595589375388801e+02
155, 9.964460369000000e-01, -2.454085600000000e-03, -1.581934303032248e-01, 0.000000000000000e+00, 0.000000000000000e+00, 1.000000000000000e-10, 1.309853785441721e-02, 9.036280103113342e-01, 2.741668358473129e+02
156, 9.984194195000000e-01, -2.202151900000000e-03, -1.592104251316627e-01, 0.000000000000000e+00, 0.000000000000000e+00, 1.000000000000000e-10, 1.309853785441721e-02, 5.858777861606337e-01, 1.221143299640821e+02
157, 9.996046986000000e-01, -2.050588400000000e-03, -1.602015549559743e-01, 0.000000000000000e+00, 0.000000000000000e+00, 1.000000000000000e-10, 1.309853785441721e-02, 4.985384096105434e-01, 2.744313690105482e+01
158, 1.000000000000000e+00, -2.000000000000000e-03, -1.611811177406549e-01, 0.000000000000000e+00, 0.000000000000000e+00, 1.000000000000000e-10, 1.309853785441721e-02, 1.441786626959484e+00, 1.000000000000000e-04
