"""Inner_Iter""","""rms[P]""","""rms[U]""","""rms[V]""","""rms[k]""","""rms[w]""","""CD""","""CL""","""CEff""","""CMz"""
           0,        -2.007204516,        -2.507204516,        -2.307204516,        -3.007204516,        -2.807204516,         0.037466605,         0.349654193,         9.332422581,        -0.039298016
           1,        -2.394278446,        -2.894278446,        -2.694278446,        -3.394278446,        -3.194278446,         0.036617791,         0.355974601,         9.721356379,        -0.040261882
           2,        -2.748821939,        -3.248821939,        -3.048821939,        -3.748821939,        -3.548821939,         0.035683918,         0.367509653,        10.299027630,        -0.038883934
           3,        -3.023992466,        -3.523992466,        -3.323992466,        -4.023992466,        -3.823992466,         0.034576870,         0.375376358,        10.856285184,        -0.040952540
           4,        -3.329207090,        -3.829207090,        -3.629207090,        -4.329207090,        -4.129207090,         0.034029256,         0.384990446,        11.313513629,        -0.040097644
           5,        -3.574632168,        -4.074632168,        -3.874632168,        -4.574632168,        -4.374632168,         0.033226755,         0.386945083,        11.645587401,        -0.039559674
           6,        -3.793147275,        -4.293147275,        -4.093147275,        -4.793147275,        -4.593147275,         0.032758539,         0.395692272,        12.079057516,        -0.039782180
           7,        -4.008305070,        -4.508305070,        -4.308305070,        -5.008305070,        -4.808305070,         0.032205098,         0.400375760,        12.432061496,        -0.041298160
           8,        -4.341399793,        -4.841399793,        -4.641399793,        -5.341399793,        -5.141399793,         0.031275740,         0.407071672,        13.015573046,        -0.039267010
           9,        -4.376206243,        -4.876206243,        -4.676206243,        -5.376206243,        -5.176206243,         0.031203170,         0.411555466,        13.189540040,        -0.040818125
          10,        -4.561640999,        -5.061640999,        -4.861640999,        -5.561640999,        -5.361640999,         0.030552977,         0.418212289,        13.688102573,        -0.039348432
          11,        -4.673318301,        -5.173318301,        -4.973318301,        -5.673318301,        -5.473318301,         0.030243715,         0.424052228,        14.021168437,        -0.039628925
          12,        -4.848041440,        -5.348041440,        -5.148041440,        -5.848041440,        -5.648041440,         0.029586842,         0.426968783,        14.431036138,        -0.039622958
          13,        -4.947602203,        -5.447602203,        -5.247602203,        -5.947602203,        -5.747602203,         0.029144819,         0.435757122,        14.951443660,        -0.040807336
          14,        -5.013950372,        -5.513950372,        -5.313950372,        -6.013950372,        -5.813950372,         0.029094695,         0.438375287,        15.067189814,        -0.039402988
          15,        -5.084902022,        -5.584902022,        -5.384902022,        -6.084902022,        -5.884902022,         0.028377637,         0.439993981,        15.504954629,        -0.040369196
          16,        -5.186270894,        -5.686270894,        -5.486270894,        -6.186270894,        -5.986270894,         0.028392629,         0.441735806,        15.558115767,        -0.039829452
          17,        -5.304488216,        -5.804488216,        -5.604488216,        -6.304488216,        -6.104488216,         0.028234224,         0.447970212,        15.866213047,        -0.038483978
          18,        -5.343041330,        -5.843041330,        -5.643041330,        -6.343041330,        -6.143041330,         0.027769202,         0.449400051,        16.183398190,        -0.040526102
          19,        -5.395328682,        -5.895328682,        -5.695328682,        -6.395328682,        -6.195328682,         0.027637489,         0.452436286,        16.370383339,        -0.039541243
          20,        -5.501718165,        -6.001718165,        -5.801718165,        -6.501718165,        -6.301718165,         0.027115708,         0.455566263,        16.800824689,        -0.040640651
          21,        -5.546944376,        -6.046944376,        -5.846944376,        -6.546944376,        -6.346944376,         0.027455753,         0.459007198,        16.718070075,        -0.040010552
          22,        -5.569045748,        -6.069045748,        -5.869045748,        -6.569045748,        -6.369045748,         0.027254001,         0.461179849,        16.921546441,        -0.039507743
          23,        -5.610092525,        -6.110092525,        -5.910092525,        -6.610092525,        -6.410092525,         0.027055857,         0.462238343,        17.084594166,        -0.039797812
          24,        -5.623173726,        -6.123173726,        -5.923173726,        -6.623173726,        -6.423173726,         0.027061112,         0.465459538,        17.200310719,        -0.040183100
          25,        -5.648978150,        -6.148978150,        -5.948978150,        -6.648978150,        -6.448978150,         0.026548173,         0.467652299,        17.615234962,        -0.040552709
          26,        -5.721803536,        -6.221803536,        -6.021803536,        -6.721803536,        -6.521803536,         0.026611684,         0.470803469,        17.691607354,        -0.039676646
          27,        -5.798925798,        -6.298925798,        -6.098925798,        -6.798925798,        -6.598925798,         0.026454268,         0.471918982,        17.839049159,        -0.040246906
          28,        -5.783713474,        -6.283713474,        -6.083713474,        -6.783713474,        -6.583713474,         0.026493037,         0.472984173,        17.853150209,        -0.040452186
          29,        -5.801285773,        -6.301285773,        -6.101285773,        -6.801285773,        -6.601285773,         0.026116983,         0.475702111,        18.214282946,        -0.040148674
          30,        -5.810783069,        -6.310783069,        -6.110783069,        -6.810783069,        -6.610783069,         0.026105357,         0.475136838,        18.200741179,        -0.040469035
          31,        -5.814591520,        -6.314591520,        -6.114591520,        -6.814591520,        -6.614591520,         0.026246772,         0.477521211,        18.193521669,        -0.039896834
          32,        -5.823568492,        -6.323568492,        -6.123568492,        -6.823568492,        -6.623568492,         0.025904408,         0.477949676,        18.450515176,        -0.039887888
          33,        -5.833574449,        -6.333574449,        -6.133574449,        -6.833574449,        -6.633574449,         0.025942268,         0.479012059,        18.464540360,        -0.039806905
          34,        -5.851983003,        -6.351983003,        -6.151983003,        -6.851983003,        -6.651983003,         0.025783753,         0.481727193,        18.683362089,        -0.040159689
          35,        -5.905368500,        -6.405368500,        -6.205368500,        -6.905368500,        -6.705368500,         0.025701477,         0.482513795,        18.773777202,        -0.039422781
          36,        -5.906552490,        -6.406552490,        -6.206552490,        -6.906552490,        -6.706552490,         0.025536752,         0.483617230,        18.938087297,        -0.040104919
          37,        -5.905100707,        -6.405100707,        -6.205100707,        -6.905100707,        -6.705100707,         0.025716157,         0.484833834,        18.853276785,        -0.040010812
          38,        -5.929734661,        -6.429734661,        -6.229734661,        -6.929734661,        -6.729734661,         0.025596784,         0.485560482,        18.969589022,        -0.039889628
          39,        -5.932372722,        -6.432372722,        -6.232372722,        -6.932372722,        -6.732372722,         0.025523296,         0.486687264,        19.068354776,        -0.039857179
          40,        -5.920779791,        -6.420779791,        -6.220779791,        -6.920779791,        -6.720779791,         0.025493103,         0.487266561,        19.113662162,        -0.039604589
          41,        -5.937040939,        -6.437040939,        -6.237040939,        -6.937040939,        -6.737040939,         0.025445383,         0.487715610,        19.167155331,        -0.039757915
          42,        -5.944096907,        -6.444096907,        -6.244096907,        -6.944096907,        -6.744096907,         0.025456661,         0.488684451,        19.196722139,        -0.040073266
          43,        -5.960856440,        -6.460856440,        -6.260856440,        -6.960856440,        -6.760856440,         0.025382074,         0.489290205,        19.276998294,        -0.040074450
          44,        -5.950663946,        -6.450663946,        -6.250663946,        -6.950663946,        -6.750663946,         0.025313887,         0.489981258,        19.356223536,        -0.039947121
          45,        -5.960263519,        -6.460263519,        -6.260263519,        -6.960263519,        -6.760263519,         0.025328446,         0.490217494,        19.354424735,        -0.040003691
          46,        -5.965676945,        -6.465676945,        -6.265676945,        -6.965676945,        -6.765676945,         0.025301441,         0.491090238,        19.409576032,        -0.040035359
          47,        -5.966129329,        -6.466129329,        -6.266129329,        -6.966129329,        -6.766129329,         0.025260822,         0.491642002,        19.462628640,        -0.039984453
          48,        -5.970150005,        -6.470150005,        -6.270150005,        -6.970150005,        -6.770150005,         0.025237017,         0.492152915,        19.501231598,        -0.039985811
          49,        -5.973048212,        -6.473048212,        -6.273048212,        -6.973048212,        -6.773048212,         0.025228945,         0.492531940,        19.522494114,        -0.040000000
